datetime,close,MA5,MA20,MA5 >= MA20,Position,TradeP&L,PositionP&L,CumP&L,Capital,Return,NetAssetValue,NetAssetValue2
11/30/18 21:00,3241,,,,0,0,0,0,10000,0,1,1
11/30/18 21:01,3244,,,,0,0,0,0,10000,0,1,1
11/30/18 21:02,3241,,,,0,0,0,0,10000,0,1,1
11/30/18 21:03,3243,,,,0,0,0,0,10000,0,1,1
11/30/18 21:04,3243,3242.4,,,0,0,0,0,10000,0,1,1
11/30/18 21:05,3237,3241.6,,,0,0,0,0,10000,0,1,1
11/30/18 21:06,3236,3240,,,0,0,0,0,10000,0,1,1
11/30/18 21:07,3227,3237.2,,,0,0,0,0,10000,0,1,1
11/30/18 21:08,3229,3234.4,,,0,0,0,0,10000,0,1,1
11/30/18 21:09,3231,3232,,,0,0,0,0,10000,0,1,1
11/30/18 21:10,3222,3229,,,0,0,0,0,10000,0,1,1
11/30/18 21:11,3227,3227.2,,,0,0,0,0,10000,0,1,1
11/30/18 21:12,3226,3227,,,0,0,0,0,10000,0,1,1
11/30/18 21:13,3226,3226.4,,,0,0,0,0,10000,0,1,1
11/30/18 21:14,3226,3225.4,,,0,0,0,0,10000,0,1,1
11/30/18 21:15,3231,3227.2,,,0,0,0,0,10000,0,1,1
11/30/18 21:16,3228,3227.4,,,0,0,0,0,10000,0,1,1
11/30/18 21:17,3231,3228.4,,,0,0,0,0,10000,0,1,1
11/30/18 21:18,3233,3229.8,,,0,0,0,0,10000,0,1,1
11/30/18 21:19,3233,3231.2,3232.75,FALSE,-1,0,0,0,10000,0,1,1
11/30/18 21:20,3228,3230.6,3232.1,FALSE,-1,0,50,50,10050,0.005,1.005,1.005
11/30/18 21:21,3232,3231.4,3231.5,FALSE,-1,0,-40,10,10010,-0.0039801,1.001,1.001
11/30/18 21:22,3230,3231.2,3230.95,TRUE,1,40,-20,30,10030,0.001998002,1.003,1.003
11/30/18 21:23,3228,3230.2,3230.2,TRUE,1,0,-20,10,10010,-0.001994018,1.001,1.001
11/30/18 21:24,3229,3229.4,3229.5,FALSE,-1,20,-10,20,10020,0.000999001,1.002,1.002
11/30/18 21:25,3226,3229,3228.95,TRUE,1,60,-30,50,10050,0.002994012,1.005,1.005
11/30/18 21:26,3227,3228,3228.5,FALSE,-1,20,-10,60,10060,0.000995025,1.006,1.006
11/30/18 21:27,3225,3227,3228.4,FALSE,-1,0,20,80,10080,0.001988072,1.008,1.008
11/30/18 21:28,3228,3227,3228.35,FALSE,-1,0,-30,50,10050,-0.00297619,1.005,1.005
11/30/18 21:29,3224,3226,3228,FALSE,-1,0,40,90,10090,0.0039801,1.009,1.009
11/30/18 21:30,3226,3226,3228.2,FALSE,-1,0,-20,70,10070,-0.001982161,1.007,1.007
11/30/18 21:31,3225,3225.6,3228.1,FALSE,-1,0,10,80,10080,0.000993049,1.008,1.008
11/30/18 21:32,3227,3226,3228.15,FALSE,-1,0,-20,60,10060,-0.001984127,1.006,1.006
11/30/18 21:33,3226,3225.6,3228.15,FALSE,-1,0,10,70,10070,0.000994036,1.007,1.007
11/30/18 21:34,3231,3227,3228.4,FALSE,-1,0,-50,20,10020,-0.004965243,1.002,1.002
11/30/18 21:35,3229,3227.6,3228.3,FALSE,-1,0,20,40,10040,0.001996008,1.004,1.004
11/30/18 21:36,3230,3228.6,3228.4,TRUE,1,-20,10,30,10030,-0.000996016,1.003,1.003
11/30/18 21:37,3224,3228,3228.05,FALSE,-1,-120,60,-30,9970,-0.005982054,0.997,0.997
11/30/18 21:38,3223,3227.4,3227.55,FALSE,-1,0,10,-20,9980,0.001003009,0.998,0.998
11/30/18 21:39,3225,3226.2,3227.15,FALSE,-1,0,-20,-40,9960,-0.002004008,0.996,0.996
11/30/18 21:40,3224,3225.2,3226.95,FALSE,-1,0,10,-30,9970,0.001004016,0.997,0.997
11/30/18 21:41,3222,3223.6,3226.45,FALSE,-1,0,20,-10,9990,0.002006018,0.999,0.999
11/30/18 21:42,3224,3223.6,3226.15,FALSE,-1,0,-20,-30,9970,-0.002002002,0.997,0.997
11/30/18 21:43,3222,3223.4,3225.85,FALSE,-1,0,20,-10,9990,0.002006018,0.999,0.999
11/30/18 21:44,3220,3222.4,3225.4,FALSE,-1,0,20,10,10010,0.002002002,1.001,1.001
11/30/18 21:45,3216,3220.8,3224.9,FALSE,-1,0,40,50,10050,0.003996004,1.005,1.005
11/30/18 21:46,3216,3219.6,3224.35,FALSE,-1,0,0,50,10050,0,1.005,1.005
11/30/18 21:47,3218,3218.4,3224,FALSE,-1,0,-20,30,10030,-0.00199005,1.003,1.003
11/30/18 21:48,3216,3217.2,3223.4,FALSE,-1,0,20,50,10050,0.001994018,1.005,1.005
11/30/18 21:49,3216,3216.4,3223,FALSE,-1,0,0,50,10050,0,1.005,1.005
11/30/18 21:50,3222,3217.6,3222.8,FALSE,-1,0,-60,-10,9990,-0.005970149,0.999,0.999
11/30/18 21:51,3220,3218.4,3222.55,FALSE,-1,0,20,10,10010,0.002002002,1.001,1.001
11/30/18 21:52,3221,3219,3222.25,FALSE,-1,0,-10,0,10000,-0.000999001,1,1
11/30/18 21:53,3219,3219.6,3221.9,FALSE,-1,0,20,20,10020,0.002,1.002,1.002
11/30/18 21:54,3221,3220.6,3221.4,FALSE,-1,0,-20,0,10000,-0.001996008,1,1
11/30/18 21:55,3225,3221.2,3221.2,TRUE,1,-80,40,-40,9960,-0.004,0.996,0.996
11/30/18 21:56,3220,3221.2,3220.7,TRUE,1,0,-50,-90,9910,-0.00502008,0.991,0.991
11/30/18 21:57,3222,3221.4,3220.6,TRUE,1,0,20,-70,9930,0.002018163,0.993,0.993
11/30/18 21:58,3218,3221.2,3220.35,TRUE,1,0,-40,-110,9890,-0.004028197,0.989,0.989
11/30/18 21:59,3219,3220.8,3220.05,TRUE,1,0,10,-100,9900,0.001011122,0.99,0.99
11/30/18 22:00,3217,3219.2,3219.7,FALSE,-1,-40,20,-120,9880,-0.002020202,0.988,0.988
11/30/18 22:01,3215,3218.2,3219.35,FALSE,-1,0,20,-100,9900,0.002024291,0.99,0.99
11/30/18 22:02,3214,3216.6,3218.85,FALSE,-1,0,10,-90,9910,0.001010101,0.991,0.991
11/30/18 22:03,3211,3215.2,3218.3,FALSE,-1,0,30,-60,9940,0.003027245,0.994,0.994
11/30/18 22:04,3215,3214.4,3218.05,FALSE,-1,0,-40,-100,9900,-0.004024145,0.99,0.99
11/30/18 22:05,3210,3213,3217.75,FALSE,-1,0,50,-50,9950,0.005050505,0.995,0.995
11/30/18 22:06,3216,3213.2,3217.75,FALSE,-1,0,-60,-110,9890,-0.006030151,0.989,0.989
11/30/18 22:07,3215,3213.4,3217.6,FALSE,-1,0,10,-100,9900,0.001011122,0.99,0.99
11/30/18 22:08,3212,3213.6,3217.4,FALSE,-1,0,30,-70,9930,0.003030303,0.993,0.993
11/30/18 22:09,3215,3213.6,3217.35,FALSE,-1,0,-30,-100,9900,-0.003021148,0.99,0.99
11/30/18 22:10,3216,3214.8,3217.05,FALSE,-1,0,-10,-110,9890,-0.001010101,0.989,0.989
11/30/18 22:11,3218,3215.2,3216.95,FALSE,-1,0,-20,-130,9870,-0.002022245,0.987,0.987
11/30/18 22:12,3220,3216.2,3216.9,FALSE,-1,0,-20,-150,9850,-0.002026342,0.985,0.985
11/30/18 22:13,3222,3218.2,3217.05,TRUE,1,-40,20,-170,9830,-0.002030457,0.983,0.983
11/30/18 22:14,3223,3219.8,3217.15,TRUE,1,0,10,-160,9840,0.001017294,0.984,0.984
11/30/18 22:15,3221,3220.8,3216.95,TRUE,1,0,-20,-180,9820,-0.00203252,0.982,0.982
11/30/18 22:16,3219,3221,3216.9,TRUE,1,0,-20,-200,9800,-0.00203666,0.98,0.98
11/30/18 22:17,3218,3220.6,3216.7,TRUE,1,0,-10,-210,9790,-0.001020408,0.979,0.979
11/30/18 22:18,3217,3219.6,3216.65,TRUE,1,0,-10,-220,9780,-0.00102145,0.978,0.978
11/30/18 22:19,3217,3218.4,3216.55,TRUE,1,0,0,-220,9780,0,0.978,0.978
11/30/18 22:20,3218,3217.8,3216.6,TRUE,1,0,10,-210,9790,0.001022495,0.979,0.979
11/30/18 22:21,3216,3217.2,3216.65,TRUE,1,0,-20,-230,9770,-0.002042901,0.977,0.977
11/30/18 22:22,3216,3216.8,3216.75,TRUE,1,0,0,-230,9770,0,0.977,0.977
11/30/18 22:23,3216,3216.6,3217,FALSE,-1,0,0,-230,9770,0,0.977,0.977
11/30/18 22:24,3219,3217,3217.2,FALSE,-1,0,-30,-260,9740,-0.003070624,0.974,0.974
11/30/18 22:25,3221,3217.6,3217.75,FALSE,-1,0,-20,-280,9720,-0.002053388,0.972,0.972
11/30/18 22:26,3218,3218,3217.85,TRUE,1,60,-30,-250,9750,0.00308642,0.975,0.975
11/30/18 22:27,3219,3218.6,3218.05,TRUE,1,0,10,-240,9760,0.001025641,0.976,0.976
11/30/18 22:28,3219,3219.2,3218.4,TRUE,1,0,0,-240,9760,0,0.976,0.976
11/30/18 22:29,3215,3218.4,3218.4,TRUE,1,0,-40,-280,9720,-0.004098361,0.972,0.972
11/30/18 22:30,3217,3217.6,3218.45,FALSE,-1,40,-20,-260,9740,0.002057613,0.974,0.974
11/30/18 22:31,3220,3218,3218.55,FALSE,-1,0,-30,-290,9710,-0.003080082,0.971,0.971
11/30/18 22:32,3219,3218,3218.5,FALSE,-1,0,10,-280,9720,0.001029866,0.972,0.972
11/30/18 22:33,3218,3217.8,3218.3,FALSE,-1,0,10,-270,9730,0.001028807,0.973,0.973
11/30/18 22:34,3217,3218.2,3218,TRUE,1,20,-10,-260,9740,0.001027749,0.974,0.974
11/30/18 22:35,3219,3218.6,3217.9,TRUE,1,0,20,-240,9760,0.002053388,0.976,0.976
11/30/18 22:36,3220,3218.6,3217.95,TRUE,1,0,10,-230,9770,0.00102459,0.977,0.977
11/30/18 22:37,3219,3218.6,3218,TRUE,1,0,-10,-240,9760,-0.001023541,0.976,0.976
11/30/18 22:38,3221,3219.2,3218.2,TRUE,1,0,20,-220,9780,0.00204918,0.978,0.978
11/30/18 22:39,3223,3220.4,3218.5,TRUE,1,0,20,-200,9800,0.00204499,0.98,0.98
11/30/18 22:40,3231,3222.8,3219.15,TRUE,1,0,80,-120,9880,0.008163265,0.988,0.988
11/30/18 22:41,3227,3224.2,3219.7,TRUE,1,0,-40,-160,9840,-0.004048583,0.984,0.984
11/30/18 22:42,3225,3225.4,3220.15,TRUE,1,0,-20,-180,9820,-0.00203252,0.982,0.982
11/30/18 22:43,3223,3225.8,3220.5,TRUE,1,0,-20,-200,9800,-0.00203666,0.98,0.98
11/30/18 22:44,3226,3226.4,3220.85,TRUE,1,0,30,-170,9830,0.003061224,0.983,0.983
11/30/18 22:45,3227,3225.6,3221.15,TRUE,1,0,10,-160,9840,0.001017294,0.984,0.984
11/30/18 22:46,3228,3225.8,3221.65,TRUE,1,0,10,-150,9850,0.00101626,0.985,0.985
11/30/18 22:47,3227,3226.2,3222.05,TRUE,1,0,-10,-160,9840,-0.001015228,0.984,0.984
11/30/18 22:48,3227,3227,3222.45,TRUE,1,0,0,-160,9840,0,0.984,0.984
11/30/18 22:49,3227,3227.2,3223.05,TRUE,1,0,0,-160,9840,0,0.984,0.984
11/30/18 22:50,3225,3226.8,3223.45,TRUE,1,0,-20,-180,9820,-0.00203252,0.982,0.982
11/30/18 22:51,3230,3227.2,3223.95,TRUE,1,0,50,-130,9870,0.00509165,0.987,0.987
11/30/18 22:52,3241,3230,3225.05,TRUE,1,0,110,-20,9980,0.011144883,0.998,0.998
11/30/18 22:53,3248,3234.2,3226.55,TRUE,1,0,70,50,10050,0.007014028,1.005,1.005
11/30/18 22:54,3253,3239.4,3228.35,TRUE,1,0,50,100,10100,0.004975124,1.01,1.01
11/30/18 22:55,3246,3243.6,3229.7,TRUE,1,0,-70,30,10030,-0.006930693,1.003,1.003
11/30/18 22:56,3256,3248.8,3231.5,TRUE,1,0,100,130,10130,0.00997009,1.013,1.013
11/30/18 22:57,3264,3253.4,3233.75,TRUE,1,0,80,210,10210,0.007897335,1.021,1.021
11/30/18 22:58,3257,3255.2,3235.55,TRUE,1,0,-70,140,10140,-0.006856024,1.014,1.014
11/30/18 22:59,3264,3257.4,3237.6,TRUE,1,0,70,210,10210,0.006903353,1.021,1.021
12/3/18 09:00,3449,3298,3248.5,TRUE,1,0,1850,2060,12060,0.181194907,1.206,1.206
12/3/18 09:01,3473,3341.4,3260.8,TRUE,1,0,240,2300,12300,0.019900498,1.23,1.23
12/3/18 09:02,3437,3376,3271.4,TRUE,1,0,-360,1940,11940,-0.029268293,1.194,1.194
12/3/18 09:03,3425,3409.6,3281.5,TRUE,1,0,-120,1820,11820,-0.010050251,1.182,1.182
12/3/18 09:04,3422,3441.2,3291.3,TRUE,1,0,-30,1790,11790,-0.002538071,1.179,1.179
12/3/18 09:05,3400,3431.4,3299.95,TRUE,1,0,-220,1570,11570,-0.018659881,1.157,1.157
12/3/18 09:06,3391,3415,3308.1,TRUE,1,0,-90,1480,11480,-0.007778738,1.148,1.148
12/3/18 09:07,3388,3405.2,3316.15,TRUE,1,0,-30,1450,11450,-0.00261324,1.145,1.145
12/3/18 09:08,3399,3400,3324.75,TRUE,1,0,110,1560,11560,0.009606987,1.156,1.156
12/3/18 09:09,3400,3395.6,3333.4,TRUE,1,0,10,1570,11570,0.000865052,1.157,1.157
12/3/18 09:10,3397,3395,3342,TRUE,1,0,-30,1540,11540,-0.002592913,1.154,1.154
12/3/18 09:11,3394,3395.6,3350.2,TRUE,1,0,-30,1510,11510,-0.002599653,1.151,1.151
12/3/18 09:12,3386,3395.2,3357.45,TRUE,1,0,-80,1430,11430,-0.006950478,1.143,1.143
12/3/18 09:13,3368,3389,3363.45,TRUE,1,0,-180,1250,11250,-0.015748031,1.125,1.125
12/3/18 09:14,3374,3383.8,3369.5,TRUE,1,0,60,1310,11310,0.005333333,1.131,1.131
12/3/18 09:15,3380,3380.4,3376.2,TRUE,1,0,60,1370,11370,0.00530504,1.137,1.137
12/3/18 09:16,3388,3379.2,3382.8,FALSE,-1,160,-80,1450,11450,0.00703606,1.145,1.145
12/3/18 09:17,3384,3378.8,3388.8,FALSE,-1,0,40,1490,11490,0.00349345,1.149,1.149
12/3/18 09:18,3378,3380.8,3394.85,FALSE,-1,0,60,1550,11550,0.005221932,1.155,1.155
12/3/18 09:19,3377,3381.4,3400.5,FALSE,-1,0,10,1560,11560,0.000865801,1.156,1.156
12/3/18 09:20,3370,3379.4,3396.55,FALSE,-1,0,70,1630,11630,0.006055363,1.163,1.163
12/3/18 09:21,3367,3375.2,3391.25,FALSE,-1,0,30,1660,11660,0.002579536,1.166,1.166
12/3/18 09:22,3361,3370.6,3387.45,FALSE,-1,0,60,1720,11720,0.005145798,1.172,1.172
12/3/18 09:23,3361,3367.2,3384.25,FALSE,-1,0,0,1720,11720,0,1.172,1.172
12/3/18 09:24,3361,3364,3381.2,FALSE,-1,0,0,1720,11720,0,1.172,1.172
12/3/18 09:25,3369,3363.8,3379.65,FALSE,-1,0,-80,1640,11640,-0.006825939,1.164,1.164
12/3/18 09:26,3365,3363.4,3378.35,FALSE,-1,0,40,1680,11680,0.003436426,1.168,1.168
12/3/18 09:27,3369,3365,3377.4,FALSE,-1,0,-40,1640,11640,-0.003424658,1.164,1.164
12/3/18 09:28,3363,3365.4,3375.6,FALSE,-1,0,60,1700,11700,0.005154639,1.17,1.17
12/3/18 09:29,3367,3366.6,3373.95,FALSE,-1,0,-40,1660,11660,-0.003418803,1.166,1.166
12/3/18 09:30,3373,3367.4,3372.75,FALSE,-1,0,-60,1600,11600,-0.005145798,1.16,1.16
12/3/18 09:31,3374,3369.2,3371.75,FALSE,-1,0,-10,1590,11590,-0.000862069,1.159,1.159
12/3/18 09:32,3376,3370.6,3371.25,FALSE,-1,0,-20,1570,11570,-0.001725626,1.157,1.157
12/3/18 09:33,3374,3372.8,3371.55,TRUE,1,40,-20,1590,11590,0.001728608,1.159,1.159
12/3/18 09:34,3370,3373.4,3371.35,TRUE,1,0,-40,1550,11550,-0.003451251,1.155,1.155
12/3/18 09:35,3364,3371.6,3370.55,TRUE,1,0,-60,1490,11490,-0.005194805,1.149,1.149
12/3/18 09:36,3363,3369.4,3369.3,TRUE,1,0,-10,1480,11480,-0.000870322,1.148,1.148
12/3/18 09:37,3358,3365.8,3368,FALSE,-1,-100,50,1430,11430,-0.004355401,1.143,1.143
12/3/18 09:38,3360,3363,3367.1,FALSE,-1,0,-20,1410,11410,-0.001749781,1.141,1.141
12/3/18 09:39,3357,3360.4,3366.1,FALSE,-1,0,30,1440,11440,0.002629273,1.144,1.144
12/3/18 09:40,3356,3358.8,3365.4,FALSE,-1,0,10,1450,11450,0.000874126,1.145,1.145
12/3/18 09:41,3363,3358.8,3365.2,FALSE,-1,0,-70,1380,11380,-0.006113537,1.138,1.138
12/3/18 09:42,3366,3360.4,3365.45,FALSE,-1,0,-30,1350,11350,-0.002636204,1.135,1.135
12/3/18 09:43,3362,3360.8,3365.5,FALSE,-1,0,40,1390,11390,0.003524229,1.139,1.139
12/3/18 09:44,3367,3362.8,3365.8,FALSE,-1,0,-50,1340,11340,-0.004389816,1.134,1.134
12/3/18 09:45,3364,3364.4,3365.55,FALSE,-1,0,30,1370,11370,0.002645503,1.137,1.137
12/3/18 09:46,3365,3364.8,3365.55,FALSE,-1,0,-10,1360,11360,-0.000879507,1.136,1.136
12/3/18 09:47,3364,3364.4,3365.3,FALSE,-1,0,10,1370,11370,0.000880282,1.137,1.137
12/3/18 09:48,3361,3364.2,3365.2,FALSE,-1,0,30,1400,11400,0.002638522,1.14,1.14
12/3/18 09:49,3362,3363.2,3364.95,FALSE,-1,0,-10,1390,11390,-0.000877193,1.139,1.139
12/3/18 09:50,3362,3362.8,3364.4,FALSE,-1,0,0,1390,11390,0,1.139,1.139
12/3/18 09:51,3352,3360.2,3363.3,FALSE,-1,0,100,1490,11490,0.008779631,1.149,1.149
12/3/18 09:52,3350,3357.4,3362,FALSE,-1,0,20,1510,11510,0.001740644,1.151,1.151
12/3/18 09:53,3350,3355.2,3360.8,FALSE,-1,0,0,1510,11510,0,1.151,1.151
12/3/18 09:54,3353,3353.4,3359.95,FALSE,-1,0,-30,1480,11480,-0.002606429,1.148,1.148
12/3/18 09:55,3352,3351.4,3359.35,FALSE,-1,0,10,1490,11490,0.00087108,1.149,1.149
12/3/18 09:56,3353,3351.6,3358.85,FALSE,-1,0,-10,1480,11480,-0.000870322,1.148,1.148
12/3/18 09:57,3358,3353.2,3358.85,FALSE,-1,0,-50,1430,11430,-0.004355401,1.143,1.143
12/3/18 09:58,3362,3355.6,3358.95,FALSE,-1,0,-40,1390,11390,-0.003499563,1.139,1.139
12/3/18 09:59,3363,3357.6,3359.25,FALSE,-1,0,-10,1380,11380,-0.000877963,1.138,1.138
12/3/18 10:00,3362,3359.6,3359.55,TRUE,1,20,-10,1390,11390,0.000878735,1.139,1.139
12/3/18 10:01,3357,3360.4,3359.25,TRUE,1,0,-50,1340,11340,-0.004389816,1.134,1.134
12/3/18 10:02,3353,3359.4,3358.6,TRUE,1,0,-40,1300,11300,-0.003527337,1.13,1.13
12/3/18 10:03,3355,3358,3358.25,FALSE,-1,40,-20,1320,11320,0.001769912,1.132,1.132
12/3/18 10:04,3356,3356.6,3357.7,FALSE,-1,0,-10,1310,11310,-0.000883392,1.131,1.131
12/3/18 10:05,3363,3356.8,3357.65,FALSE,-1,0,-70,1240,11240,-0.006189213,1.124,1.124
12/3/18 10:06,3364,3358.2,3357.6,TRUE,1,-20,10,1230,11230,-0.00088968,1.123,1.123
12/3/18 10:07,3362,3360,3357.5,TRUE,1,0,-20,1210,11210,-0.001780944,1.121,1.121
12/3/18 10:08,3365,3362,3357.7,TRUE,1,0,30,1240,11240,0.002676182,1.124,1.124
12/3/18 10:09,3363,3363.4,3357.75,TRUE,1,0,-20,1220,11220,-0.001779359,1.122,1.122
12/3/18 10:10,3364,3363.6,3357.85,TRUE,1,0,10,1230,11230,0.000891266,1.123,1.123
12/3/18 10:11,3362,3363.2,3358.35,TRUE,1,0,-20,1210,11210,-0.001780944,1.121,1.121
12/3/18 10:12,3365,3363.8,3359.1,TRUE,1,0,30,1240,11240,0.002676182,1.124,1.124
12/3/18 10:13,3367,3364.2,3359.95,TRUE,1,0,20,1260,11260,0.001779359,1.126,1.126
12/3/18 10:14,3367,3365,3360.65,TRUE,1,0,0,1260,11260,0,1.126,1.126
12/3/18 10:30,3365,3365.2,3361.3,TRUE,1,0,-20,1240,11240,-0.001776199,1.124,1.124
12/3/18 10:31,3367,3366.2,3362,TRUE,1,0,20,1260,11260,0.001779359,1.126,1.126
12/3/18 10:32,3366,3366.4,3362.4,TRUE,1,0,-10,1250,11250,-0.000888099,1.125,1.125
12/3/18 10:33,3369,3366.8,3362.75,TRUE,1,0,30,1280,11280,0.002666667,1.128,1.128
12/3/18 10:34,3371,3367.6,3363.15,TRUE,1,0,20,1300,11300,0.00177305,1.13,1.13
12/3/18 10:35,3370,3368.6,3363.55,TRUE,1,0,-10,1290,11290,-0.000884956,1.129,1.129
12/3/18 10:36,3371,3369.4,3364.25,TRUE,1,0,10,1300,11300,0.00088574,1.13,1.13
12/3/18 10:37,3371,3370.4,3365.15,TRUE,1,0,0,1300,11300,0,1.13,1.13
12/3/18 10:38,3373,3371.2,3366.05,TRUE,1,0,20,1320,11320,0.001769912,1.132,1.132
12/3/18 10:39,3369,3370.8,3366.7,TRUE,1,0,-40,1280,11280,-0.003533569,1.128,1.128
12/3/18 10:40,3365,3369.8,3366.8,TRUE,1,0,-40,1240,11240,-0.003546099,1.124,1.124
12/3/18 10:41,3362,3368,3366.7,TRUE,1,0,-30,1210,11210,-0.002669039,1.121,1.121
12/3/18 10:42,3364,3366.6,3366.8,FALSE,-1,40,-20,1230,11230,0.001784121,1.123,1.123
12/3/18 10:43,3364,3364.8,3366.75,FALSE,-1,0,0,1230,11230,0,1.123,1.123
12/3/18 10:44,3366,3364.2,3366.9,FALSE,-1,0,-20,1210,11210,-0.001780944,1.121,1.121
12/3/18 10:45,3365,3364.2,3366.95,FALSE,-1,0,10,1220,11220,0.000892061,1.122,1.122
12/3/18 10:46,3365,3364.8,3367.1,FALSE,-1,0,0,1220,11220,0,1.122,1.122
12/3/18 10:47,3370,3366,3367.35,FALSE,-1,0,-50,1170,11170,-0.004456328,1.117,1.117
12/3/18 10:48,3368,3366.8,3367.4,FALSE,-1,0,20,1190,11190,0.00179051,1.119,1.119
12/3/18 10:49,3364,3366.4,3367.25,FALSE,-1,0,40,1230,11230,0.00357462,1.123,1.123
12/3/18 10:50,3362,3365.8,3367.1,FALSE,-1,0,20,1250,11250,0.001780944,1.125,1.125
12/3/18 10:51,3364,3365.6,3366.95,FALSE,-1,0,-20,1230,11230,-0.001777778,1.123,1.123
12/3/18 10:52,3365,3364.6,3366.9,FALSE,-1,0,-10,1220,11220,-0.000890472,1.122,1.122
12/3/18 10:53,3364,3363.8,3366.65,FALSE,-1,0,10,1230,11230,0.000891266,1.123,1.123
12/3/18 10:54,3367,3364.4,3366.45,FALSE,-1,0,-30,1200,11200,-0.002671416,1.12,1.12
12/3/18 10:55,3366,3365.2,3366.25,FALSE,-1,0,10,1210,11210,0.000892857,1.121,1.121
12/3/18 10:56,3365,3365.4,3365.95,FALSE,-1,0,10,1220,11220,0.000892061,1.122,1.122
12/3/18 10:57,3365,3365.4,3365.65,FALSE,-1,0,0,1220,11220,0,1.122,1.122
12/3/18 10:58,3362,3365,3365.1,FALSE,-1,0,30,1250,11250,0.002673797,1.125,1.125
12/3/18 10:59,3365,3364.6,3364.9,FALSE,-1,0,-30,1220,11220,-0.002666667,1.122,1.122
12/3/18 11:00,3360,3363.4,3364.65,FALSE,-1,0,50,1270,11270,0.004456328,1.127,1.127
12/3/18 11:01,3364,3363.2,3364.75,FALSE,-1,0,-40,1230,11230,-0.003549246,1.123,1.123
12/3/18 11:02,3364,3363,3364.75,FALSE,-1,0,0,1230,11230,0,1.123,1.123
12/3/18 11:03,3363,3363.2,3364.7,FALSE,-1,0,10,1240,11240,0.000890472,1.124,1.124
12/3/18 11:04,3363,3362.8,3364.55,FALSE,-1,0,0,1240,11240,0,1.124,1.124
12/3/18 11:05,3362,3363.2,3364.4,FALSE,-1,0,10,1250,11250,0.00088968,1.125,1.125
12/3/18 11:06,3361,3362.6,3364.2,FALSE,-1,0,10,1260,11260,0.000888889,1.126,1.126
12/3/18 11:07,3358,3361.4,3363.6,FALSE,-1,0,30,1290,11290,0.002664298,1.129,1.129
12/3/18 11:08,3357,3360.2,3363.05,FALSE,-1,0,10,1300,11300,0.00088574,1.13,1.13
12/3/18 11:09,3356,3358.8,3362.65,FALSE,-1,0,10,1310,11310,0.000884956,1.131,1.131
12/3/18 11:10,3356,3357.6,3362.35,FALSE,-1,0,0,1310,11310,0,1.131,1.131
12/3/18 11:11,3358,3357,3362.05,FALSE,-1,0,-20,1290,11290,-0.001768347,1.129,1.129
12/3/18 11:12,3356,3356.6,3361.6,FALSE,-1,0,20,1310,11310,0.001771479,1.131,1.131
12/3/18 11:13,3350,3355.2,3360.9,FALSE,-1,0,60,1370,11370,0.00530504,1.137,1.137
12/3/18 11:14,3352,3354.4,3360.15,FALSE,-1,0,-20,1350,11350,-0.001759015,1.135,1.135
12/3/18 11:15,3355,3354.2,3359.6,FALSE,-1,0,-30,1320,11320,-0.002643172,1.132,1.132
12/3/18 11:16,3351,3352.8,3358.9,FALSE,-1,0,40,1360,11360,0.003533569,1.136,1.136
12/3/18 11:17,3346,3350.8,3357.95,FALSE,-1,0,50,1410,11410,0.004401408,1.141,1.141
12/3/18 11:18,3344,3349.6,3357.05,FALSE,-1,0,20,1430,11430,0.001752848,1.143,1.143
12/3/18 11:19,3340,3347.2,3355.8,FALSE,-1,0,40,1470,11470,0.003499563,1.147,1.147
12/3/18 11:20,3343,3344.8,3354.95,FALSE,-1,0,-30,1440,11440,-0.002615519,1.144,1.144
12/3/18 11:21,3346,3343.8,3354.05,FALSE,-1,0,-30,1410,11410,-0.002622378,1.141,1.141
12/3/18 11:22,3342,3343,3352.95,FALSE,-1,0,40,1450,11450,0.003505697,1.145,1.145
12/3/18 11:23,3334,3341,3351.5,FALSE,-1,0,80,1530,11530,0.0069869,1.153,1.153
12/3/18 11:24,3327,3338.4,3349.7,FALSE,-1,0,70,1600,11600,0.006071119,1.16,1.16
12/3/18 11:25,3315,3332.8,3347.35,FALSE,-1,0,120,1720,11720,0.010344828,1.172,1.172
12/3/18 11:26,3326,3328.8,3345.6,FALSE,-1,0,-110,1610,11610,-0.009385666,1.161,1.161
12/3/18 11:27,3324,3325.2,3343.9,FALSE,-1,0,20,1630,11630,0.001722653,1.163,1.163
12/3/18 11:28,3327,3323.8,3342.4,FALSE,-1,0,-30,1600,11600,-0.002579536,1.16,1.16
12/3/18 11:29,3326,3323.6,3340.9,FALSE,-1,0,10,1610,11610,0.000862069,1.161,1.161
12/3/18 13:30,3328,3326.2,3339.5,FALSE,-1,0,-20,1590,11590,-0.001722653,1.159,1.159
12/3/18 13:31,3330,3327,3338.1,FALSE,-1,0,-20,1570,11570,-0.001725626,1.157,1.157
12/3/18 13:32,3328,3327.8,3336.7,FALSE,-1,0,20,1590,11590,0.001728608,1.159,1.159
12/3/18 13:33,3327,3327.8,3335.55,FALSE,-1,0,10,1600,11600,0.000862813,1.16,1.16
12/3/18 13:34,3329,3328.4,3334.4,FALSE,-1,0,-20,1580,11580,-0.001724138,1.158,1.158
12/3/18 13:35,3324,3327.6,3332.85,FALSE,-1,0,50,1630,11630,0.004317789,1.163,1.163
12/3/18 13:36,3321,3325.8,3331.35,FALSE,-1,0,30,1660,11660,0.002579536,1.166,1.166
12/3/18 13:37,3322,3324.6,3330.15,FALSE,-1,0,-10,1650,11650,-0.000857633,1.165,1.165
12/3/18 13:38,3321,3323.4,3329,FALSE,-1,0,10,1660,11660,0.000858369,1.166,1.166
12/3/18 13:39,3321,3321.8,3328.05,FALSE,-1,0,0,1660,11660,0,1.166,1.166
12/3/18 13:40,3320,3321,3326.9,FALSE,-1,0,10,1670,11670,0.000857633,1.167,1.167
12/3/18 13:41,3322,3321.2,3325.7,FALSE,-1,0,-20,1650,11650,-0.001713796,1.165,1.165
12/3/18 13:42,3321,3321,3324.65,FALSE,-1,0,10,1660,11660,0.000858369,1.166,1.166
12/3/18 13:43,3318,3320.4,3323.85,FALSE,-1,0,30,1690,11690,0.002572899,1.169,1.169
12/3/18 13:44,3318,3319.8,3323.4,FALSE,-1,0,0,1690,11690,0,1.169,1.169
12/3/18 13:45,3321,3320,3323.7,FALSE,-1,0,-30,1660,11660,-0.002566296,1.166,1.166
12/3/18 13:46,3322,3320,3323.5,FALSE,-1,0,-10,1650,11650,-0.000857633,1.165,1.165
12/3/18 13:47,3318,3319.4,3323.2,FALSE,-1,0,40,1690,11690,0.003433476,1.169,1.169
12/3/18 13:48,3320,3319.8,3322.85,FALSE,-1,0,-20,1670,11670,-0.001710864,1.167,1.167
12/3/18 13:49,3324,3321,3322.75,FALSE,-1,0,-40,1630,11630,-0.003427592,1.163,1.163
12/3/18 13:50,3322,3321.2,3322.45,FALSE,-1,0,20,1650,11650,0.00171969,1.165,1.165
12/3/18 13:51,3318,3320.4,3321.85,FALSE,-1,0,40,1690,11690,0.003433476,1.169,1.169
12/3/18 13:52,3320,3320.8,3321.45,FALSE,-1,0,-20,1670,11670,-0.001710864,1.167,1.167
12/3/18 13:53,3319,3320.6,3321.05,FALSE,-1,0,10,1680,11680,0.000856898,1.168,1.168
12/3/18 13:54,3315,3318.8,3320.35,FALSE,-1,0,40,1720,11720,0.003424658,1.172,1.172
12/3/18 13:55,3316,3317.6,3319.95,FALSE,-1,0,-10,1710,11710,-0.000853242,1.171,1.171
12/3/18 13:56,3311,3316.2,3319.45,FALSE,-1,0,50,1760,11760,0.004269855,1.176,1.176
12/3/18 13:57,3309,3314,3318.8,FALSE,-1,0,20,1780,11780,0.00170068,1.178,1.178
12/3/18 13:58,3307,3311.6,3318.1,FALSE,-1,0,20,1800,11800,0.001697793,1.18,1.18
12/3/18 13:59,3306,3309.8,3317.35,FALSE,-1,0,10,1810,11810,0.000847458,1.181,1.181
12/3/18 14:00,3310,3308.6,3316.85,FALSE,-1,0,-40,1770,11770,-0.00338696,1.177,1.177
12/3/18 14:01,3314,3309.2,3316.45,FALSE,-1,0,-40,1730,11730,-0.003398471,1.173,1.173
12/3/18 14:02,3311,3309.6,3315.95,FALSE,-1,0,30,1760,11760,0.002557545,1.176,1.176
12/3/18 14:03,3314,3311,3315.75,FALSE,-1,0,-30,1730,11730,-0.00255102,1.173,1.173
12/3/18 14:04,3311,3312,3315.4,FALSE,-1,0,30,1760,11760,0.002557545,1.176,1.176
12/3/18 14:05,3312,3312.4,3314.95,FALSE,-1,0,-10,1750,11750,-0.00085034,1.175,1.175
12/3/18 14:06,3312,3312,3314.45,FALSE,-1,0,0,1750,11750,0,1.175,1.175
12/3/18 14:07,3317,3313.2,3314.4,FALSE,-1,0,-50,1700,11700,-0.004255319,1.17,1.17
12/3/18 14:08,3316,3313.6,3314.2,FALSE,-1,0,10,1710,11710,0.000854701,1.171,1.171
12/3/18 14:09,3312,3313.8,3313.6,TRUE,1,80,-40,1750,11750,0.003415884,1.175,1.175
12/3/18 14:10,3310,3313.4,3313,TRUE,1,0,-20,1730,11730,-0.001702128,1.173,1.173
12/3/18 14:11,3312,3313.4,3312.7,TRUE,1,0,20,1750,11750,0.00170503,1.175,1.175
12/3/18 14:12,3308,3311.6,3312.1,FALSE,-1,-80,40,1710,11710,-0.003404255,1.171,1.171
12/3/18 14:13,3303,3309,3311.3,FALSE,-1,0,50,1760,11760,0.004269855,1.176,1.176
12/3/18 14:14,3303,3307.2,3310.7,FALSE,-1,0,0,1760,11760,0,1.176,1.176
12/3/18 14:15,3305,3306.2,3310.15,FALSE,-1,0,-20,1740,11740,-0.00170068,1.174,1.174
12/3/18 14:16,3309,3305.6,3310.05,FALSE,-1,0,-40,1700,11700,-0.003407155,1.17,1.17
12/3/18 14:17,3308,3305.6,3310,FALSE,-1,0,10,1710,11710,0.000854701,1.171,1.171
12/3/18 14:18,3309,3306.8,3310.1,FALSE,-1,0,-10,1700,11700,-0.000853971,1.17,1.17
12/3/18 14:19,3310,3308.2,3310.3,FALSE,-1,0,-10,1690,11690,-0.000854701,1.169,1.169
12/3/18 14:20,3307,3308.6,3310.15,FALSE,-1,0,30,1720,11720,0.002566296,1.172,1.172
12/3/18 14:21,3306,3308,3309.75,FALSE,-1,0,10,1730,11730,0.000853242,1.173,1.173
12/3/18 14:22,3305,3307.4,3309.45,FALSE,-1,0,10,1740,11740,0.000852515,1.174,1.174
12/3/18 14:23,3310,3307.6,3309.25,FALSE,-1,0,-50,1690,11690,-0.004258944,1.169,1.169
12/3/18 14:24,3310,3307.6,3309.2,FALSE,-1,0,0,1690,11690,0,1.169,1.169
12/3/18 14:25,3310,3308.2,3309.1,FALSE,-1,0,0,1690,11690,0,1.169,1.169
12/3/18 14:26,3304,3307.8,3308.7,FALSE,-1,0,60,1750,11750,0.005132592,1.175,1.175
12/3/18 14:27,3305,3307.8,3308.1,FALSE,-1,0,-10,1740,11740,-0.000851064,1.174,1.174
12/3/18 14:28,3314,3308.6,3308,TRUE,1,-180,90,1650,11650,-0.007666099,1.165,1.165
12/3/18 14:29,3312,3309,3308,TRUE,1,0,-20,1630,11630,-0.001716738,1.163,1.163
12/3/18 14:30,3315,3310,3308.25,TRUE,1,0,30,1660,11660,0.002579536,1.166,1.166
12/3/18 14:31,3313,3311.8,3308.3,TRUE,1,0,-20,1640,11640,-0.001715266,1.164,1.164
12/3/18 14:32,3316,3314,3308.7,TRUE,1,0,30,1670,11670,0.00257732,1.167,1.167
12/3/18 14:33,3314,3314,3309.25,TRUE,1,0,-20,1650,11650,-0.001713796,1.165,1.165
12/3/18 14:34,3311,3313.8,3309.65,TRUE,1,0,-30,1620,11620,-0.002575107,1.162,1.162
12/3/18 14:35,3311,3313,3309.95,TRUE,1,0,0,1620,11620,0,1.162,1.162
12/3/18 14:36,3315,3313.4,3310.25,TRUE,1,0,40,1660,11660,0.003442341,1.166,1.166
12/3/18 14:37,3314,3313,3310.55,TRUE,1,0,-10,1650,11650,-0.000857633,1.165,1.165
12/3/18 14:38,3315,3313.2,3310.85,TRUE,1,0,10,1660,11660,0.000858369,1.166,1.166
12/3/18 14:39,3317,3314.4,3311.2,TRUE,1,0,20,1680,11680,0.001715266,1.168,1.168
12/3/18 14:40,3318,3315.8,3311.75,TRUE,1,0,10,1690,11690,0.000856164,1.169,1.169
12/3/18 14:41,3314,3315.6,3312.15,TRUE,1,0,-40,1650,11650,-0.003421728,1.165,1.165
12/3/18 14:42,3316,3316,3312.7,TRUE,1,0,20,1670,11670,0.001716738,1.167,1.167
12/3/18 14:43,3316,3316.2,3313,TRUE,1,0,0,1670,11670,0,1.167,1.167
12/3/18 14:44,3320,3316.8,3313.5,TRUE,1,0,40,1710,11710,0.003427592,1.171,1.171
12/3/18 14:45,3319,3317,3313.95,TRUE,1,0,-10,1700,11700,-0.000853971,1.17,1.17
12/3/18 14:46,3323,3318.8,3314.9,TRUE,1,0,40,1740,11740,0.003418803,1.174,1.174
12/3/18 14:47,3318,3319.2,3315.55,TRUE,1,0,-50,1690,11690,-0.004258944,1.169,1.169
12/3/18 14:48,3320,3320,3315.85,TRUE,1,0,20,1710,11710,0.001710864,1.171,1.171
12/3/18 14:49,3319,3319.8,3316.2,TRUE,1,0,-10,1700,11700,-0.000853971,1.17,1.17
12/3/18 14:50,3322,3320.4,3316.55,TRUE,1,0,30,1730,11730,0.002564103,1.173,1.173
12/3/18 14:51,3320,3319.8,3316.9,TRUE,1,0,-20,1710,11710,-0.00170503,1.171,1.171
12/3/18 14:52,3324,3321,3317.3,TRUE,1,0,40,1750,11750,0.003415884,1.175,1.175
12/3/18 14:53,3324,3321.8,3317.8,TRUE,1,0,0,1750,11750,0,1.175,1.175
12/3/18 14:54,3322,3322.4,3318.35,TRUE,1,0,-20,1730,11730,-0.001702128,1.173,1.173
12/3/18 14:55,3327,3323.4,3319.15,TRUE,1,0,50,1780,11780,0.004262575,1.178,1.178
12/3/18 14:56,3329,3325.2,3319.85,TRUE,1,0,20,1800,11800,0.001697793,1.18,1.18
12/3/18 14:57,3332,3326.8,3320.75,TRUE,1,0,30,1830,11830,0.002542373,1.183,1.183
12/3/18 14:58,3331,3328.2,3321.55,TRUE,1,0,-10,1820,11820,-0.000845309,1.182,1.182
12/3/18 14:59,3334,3330.6,3322.4,TRUE,1,0,30,1850,11850,0.002538071,1.185,1.185
12/4/18 21:00,3391,3343.4,3326.05,TRUE,1,0,570,2420,12420,0.048101266,1.242,1.242
12/4/18 21:01,3385,3354.6,3329.6,TRUE,1,0,-60,2360,12360,-0.004830918,1.236,1.236
12/4/18 21:02,3389,3366,3333.25,TRUE,1,0,40,2400,12400,0.003236246,1.24,1.24
12/4/18 21:03,3387,3377.2,3336.8,TRUE,1,0,-20,2380,12380,-0.001612903,1.238,1.238
12/4/18 21:04,3389,3388.2,3340.25,TRUE,1,0,20,2400,12400,0.001615509,1.24,1.24
12/4/18 21:05,3394,3388.8,3344,TRUE,1,0,50,2450,12450,0.004032258,1.245,1.245
12/4/18 21:06,3398,3391.4,3347.75,TRUE,1,0,40,2490,12490,0.003212851,1.249,1.249
12/4/18 21:07,3388,3391.2,3351.25,TRUE,1,0,-100,2390,12390,-0.008006405,1.239,1.239
12/4/18 21:08,3386,3391,3354.55,TRUE,1,0,-20,2370,12370,-0.001614205,1.237,1.237
12/4/18 21:09,3387,3390.6,3357.95,TRUE,1,0,10,2380,12380,0.000808407,1.238,1.238
12/4/18 21:10,3388,3389.4,3361.25,TRUE,1,0,10,2390,12390,0.000807754,1.239,1.239
12/4/18 21:11,3389,3387.6,3364.7,TRUE,1,0,10,2400,12400,0.000807103,1.24,1.24
12/4/18 21:12,3391,3388.2,3368.05,TRUE,1,0,20,2420,12420,0.001612903,1.242,1.242
12/4/18 21:13,3384,3387.8,3371.05,TRUE,1,0,-70,2350,12350,-0.005636071,1.235,1.235
12/4/18 21:14,3381,3386.6,3374,TRUE,1,0,-30,2320,12320,-0.00242915,1.232,1.232
12/4/18 21:15,3381,3385.2,3376.7,TRUE,1,0,0,2320,12320,0,1.232,1.232
12/4/18 21:16,3376,3382.6,3379.05,TRUE,1,0,-50,2270,12270,-0.004058442,1.227,1.227
12/4/18 21:17,3379,3380.2,3381.4,FALSE,-1,60,-30,2300,12300,0.002444988,1.23,1.23
12/4/18 21:18,3379,3379.2,3383.8,FALSE,-1,0,0,2300,12300,0,1.23,1.23
12/4/18 21:19,3375,3378,3385.85,FALSE,-1,0,40,2340,12340,0.003252033,1.234,1.234
12/4/18 21:20,3376,3377,3385.1,FALSE,-1,0,-10,2330,12330,-0.000810373,1.233,1.233
12/4/18 21:21,3374,3376.6,3384.55,FALSE,-1,0,20,2350,12350,0.00162206,1.235,1.235
12/4/18 21:22,3377,3376.2,3383.95,FALSE,-1,0,-30,2320,12320,-0.00242915,1.232,1.232
12/4/18 21:23,3376,3375.6,3383.4,FALSE,-1,0,10,2330,12330,0.000811688,1.233,1.233
12/4/18 21:24,3371,3374.8,3382.5,FALSE,-1,0,50,2380,12380,0.00405515,1.238,1.238
12/4/18 21:25,3372,3374,3381.4,FALSE,-1,0,-10,2370,12370,-0.000807754,1.237,1.237
12/4/18 21:26,3377,3374.6,3380.35,FALSE,-1,0,-50,2320,12320,-0.004042037,1.232,1.232
12/4/18 21:27,3375,3374.2,3379.7,FALSE,-1,0,20,2340,12340,0.001623377,1.234,1.234
12/4/18 21:28,3377,3374.4,3379.25,FALSE,-1,0,-20,2320,12320,-0.001620746,1.232,1.232
12/4/18 21:29,3380,3376.2,3378.9,FALSE,-1,0,-30,2290,12290,-0.002435065,1.229,1.229
12/4/18 21:30,3378,3377.4,3378.4,FALSE,-1,0,20,2310,12310,0.001627339,1.231,1.231
12/4/18 21:31,3379,3377.8,3377.9,FALSE,-1,0,-10,2300,12300,-0.000812348,1.23,1.23
12/4/18 21:32,3375,3377.8,3377.1,TRUE,1,80,-40,2340,12340,0.003252033,1.234,1.234
12/4/18 21:33,3374,3377.2,3376.6,TRUE,1,0,-10,2330,12330,-0.000810373,1.233,1.233
12/4/18 21:34,3380,3377.2,3376.55,TRUE,1,0,60,2390,12390,0.00486618,1.239,1.239
12/4/18 21:35,3383,3378.2,3376.65,TRUE,1,0,30,2420,12420,0.002421308,1.242,1.242
12/4/18 21:36,3392,3380.8,3377.45,TRUE,1,0,90,2510,12510,0.007246377,1.251,1.251
12/4/18 21:37,3388,3383.4,3377.9,TRUE,1,0,-40,2470,12470,-0.003197442,1.247,1.247
12/4/18 21:38,3385,3385.6,3378.2,TRUE,1,0,-30,2440,12440,-0.002405774,1.244,1.244
12/4/18 21:39,3384,3386.4,3378.65,TRUE,1,0,-10,2430,12430,-0.000803859,1.243,1.243
12/4/18 21:40,3381,3386,3378.9,TRUE,1,0,-30,2400,12400,-0.002413516,1.24,1.24
12/4/18 21:41,3382,3384,3379.3,TRUE,1,0,10,2410,12410,0.000806452,1.241,1.241
12/4/18 21:42,3384,3383.2,3379.65,TRUE,1,0,20,2430,12430,0.001611604,1.243,1.243
12/4/18 21:43,3386,3383.4,3380.15,TRUE,1,0,20,2450,12450,0.00160901,1.245,1.245
12/4/18 21:44,3385,3383.6,3380.85,TRUE,1,0,-10,2440,12440,-0.000803213,1.244,1.244
12/4/18 21:45,3384,3384.2,3381.45,TRUE,1,0,-10,2430,12430,-0.000803859,1.243,1.243
12/4/18 21:46,3389,3385.6,3382.05,TRUE,1,0,50,2480,12480,0.004022526,1.248,1.248
12/4/18 21:47,3387,3386.2,3382.65,TRUE,1,0,-20,2460,12460,-0.001602564,1.246,1.246
12/4/18 21:48,3385,3386,3383.05,TRUE,1,0,-20,2440,12440,-0.001605136,1.244,1.244
12/4/18 21:49,3385,3386,3383.3,TRUE,1,0,0,2440,12440,0,1.244,1.244
12/4/18 21:50,3387,3386.6,3383.75,TRUE,1,0,20,2460,12460,0.001607717,1.246,1.246
12/4/18 21:51,3389,3386.6,3384.25,TRUE,1,0,20,2480,12480,0.001605136,1.248,1.248
12/4/18 21:52,3386,3386.4,3384.8,TRUE,1,0,-30,2450,12450,-0.002403846,1.245,1.245
12/4/18 21:53,3386,3386.6,3385.4,TRUE,1,0,0,2450,12450,0,1.245,1.245
12/4/18 21:54,3383,3386.2,3385.55,TRUE,1,0,-30,2420,12420,-0.002409639,1.242,1.242
12/4/18 21:55,3385,3385.8,3385.65,TRUE,1,0,20,2440,12440,0.001610306,1.244,1.244
12/4/18 21:56,3389,3385.8,3385.5,TRUE,1,0,40,2480,12480,0.003215434,1.248,1.248
12/4/18 21:57,3388,3386.2,3385.5,TRUE,1,0,-10,2470,12470,-0.000801282,1.247,1.247
12/4/18 21:58,3392,3387.4,3385.85,TRUE,1,0,40,2510,12510,0.003207698,1.251,1.251
12/4/18 21:59,3397,3390.2,3386.5,TRUE,1,0,50,2560,12560,0.003996803,1.256,1.256
12/4/18 22:00,3395,3392.2,3387.2,TRUE,1,0,-20,2540,12540,-0.001592357,1.254,1.254
12/4/18 22:01,3393,3393,3387.75,TRUE,1,0,-20,2520,12520,-0.001594896,1.252,1.252
12/4/18 22:02,3394,3394.2,3388.25,TRUE,1,0,10,2530,12530,0.000798722,1.253,1.253
12/4/18 22:03,3391,3394,3388.5,TRUE,1,0,-30,2500,12500,-0.002394254,1.25,1.25
12/4/18 22:04,3391,3392.8,3388.8,TRUE,1,0,0,2500,12500,0,1.25,1.25
12/4/18 22:05,3389,3391.6,3389.05,TRUE,1,0,-20,2480,12480,-0.0016,1.248,1.248
12/4/18 22:06,3394,3391.8,3389.3,TRUE,1,0,50,2530,12530,0.00400641,1.253,1.253
12/4/18 22:07,3394,3391.8,3389.65,TRUE,1,0,0,2530,12530,0,1.253,1.253
12/4/18 22:08,3399,3393.4,3390.35,TRUE,1,0,50,2580,12580,0.003990423,1.258,1.258
12/4/18 22:09,3398,3394.8,3391,TRUE,1,0,-10,2570,12570,-0.000794913,1.257,1.257
12/4/18 22:10,3397,3396.4,3391.5,TRUE,1,0,-10,2560,12560,-0.000795545,1.256,1.256
12/4/18 22:11,3398,3397.2,3391.95,TRUE,1,0,10,2570,12570,0.000796178,1.257,1.257
12/4/18 22:12,3402,3398.8,3392.75,TRUE,1,0,40,2610,12610,0.00318218,1.261,1.261
12/4/18 22:13,3405,3400,3393.7,TRUE,1,0,30,2640,12640,0.002379064,1.264,1.264
12/4/18 22:14,3405,3401.4,3394.8,TRUE,1,0,0,2640,12640,0,1.264,1.264
12/4/18 22:15,3412,3404.4,3396.15,TRUE,1,0,70,2710,12710,0.005537975,1.271,1.271
12/4/18 22:16,3408,3406.4,3397.1,TRUE,1,0,-40,2670,12670,-0.003147128,1.267,1.267
12/4/18 22:17,3410,3408,3398.2,TRUE,1,0,20,2690,12690,0.001578532,1.269,1.269
12/4/18 22:18,3413,3409.6,3399.25,TRUE,1,0,30,2720,12720,0.002364066,1.272,1.272
12/4/18 22:19,3416,3411.8,3400.2,TRUE,1,0,30,2750,12750,0.002358491,1.275,1.275
12/4/18 22:20,3411,3411.6,3401,TRUE,1,0,-50,2700,12700,-0.003921569,1.27,1.27
12/4/18 22:21,3409,3411.8,3401.8,TRUE,1,0,-20,2680,12680,-0.001574803,1.268,1.268
12/4/18 22:22,3409,3411.6,3402.55,TRUE,1,0,0,2680,12680,0,1.268,1.268
12/4/18 22:23,3405,3410,3403.25,TRUE,1,0,-40,2640,12640,-0.003154574,1.264,1.264
12/4/18 22:24,3403,3407.4,3403.85,TRUE,1,0,-20,2620,12620,-0.001582278,1.262,1.262
12/4/18 22:25,3400,3405.2,3404.4,TRUE,1,0,-30,2590,12590,-0.002377179,1.259,1.259
12/4/18 22:26,3402,3403.8,3404.8,FALSE,-1,40,-20,2610,12610,0.001588562,1.261,1.261
12/4/18 22:27,3400,3402,3405.1,FALSE,-1,0,20,2630,12630,0.001586043,1.263,1.263
12/4/18 22:28,3398,3400.6,3405.05,FALSE,-1,0,20,2650,12650,0.001583531,1.265,1.265
12/4/18 22:29,3400,3400,3405.15,FALSE,-1,0,-20,2630,12630,-0.001581028,1.263,1.263
12/4/18 22:30,3395,3399,3405.05,FALSE,-1,0,50,2680,12680,0.003958828,1.268,1.268
12/4/18 22:31,3397,3398,3405,FALSE,-1,0,-20,2660,12660,-0.001577287,1.266,1.266
12/4/18 22:32,3397,3397.4,3404.75,FALSE,-1,0,0,2660,12660,0,1.266,1.266
12/4/18 22:33,3397,3397.2,3404.35,FALSE,-1,0,0,2660,12660,0,1.266,1.266
12/4/18 22:34,3394,3396,3403.8,FALSE,-1,0,30,2690,12690,0.002369668,1.269,1.269
12/4/18 22:35,3396,3396.2,3403,FALSE,-1,0,-20,2670,12670,-0.001576044,1.267,1.267
12/4/18 22:36,3394,3395.6,3402.3,FALSE,-1,0,20,2690,12690,0.001578532,1.269,1.269
12/4/18 22:37,3396,3395.4,3401.6,FALSE,-1,0,-20,2670,12670,-0.001576044,1.267,1.267
12/4/18 22:38,3392,3394.4,3400.55,FALSE,-1,0,40,2710,12710,0.003157064,1.271,1.271
12/4/18 22:39,3393,3394.2,3399.4,FALSE,-1,0,-10,2700,12700,-0.000786782,1.27,1.27
12/4/18 22:40,3398,3394.6,3398.75,FALSE,-1,0,-50,2650,12650,-0.003937008,1.265,1.265
12/4/18 22:41,3398,3395.4,3398.2,FALSE,-1,0,0,2650,12650,0,1.265,1.265
12/4/18 22:42,3398,3395.8,3397.65,FALSE,-1,0,0,2650,12650,0,1.265,1.265
12/4/18 22:43,3402,3397.8,3397.5,TRUE,1,-80,40,2610,12610,-0.003162055,1.261,1.261
12/4/18 22:44,3398,3398.8,3397.25,TRUE,1,0,-40,2570,12570,-0.003172086,1.257,1.257
12/4/18 22:45,3394,3398,3396.95,TRUE,1,0,-40,2530,12530,-0.00318218,1.253,1.253
12/4/18 22:46,3388,3396,3396.25,FALSE,-1,-120,60,2470,12470,-0.004788508,1.247,1.247
12/4/18 22:47,3382,3392.8,3395.35,FALSE,-1,0,60,2530,12530,0.004811548,1.253,1.253
12/4/18 22:48,3384,3389.2,3394.65,FALSE,-1,0,-20,2510,12510,-0.001596169,1.251,1.251
12/4/18 22:49,3385,3386.6,3393.9,FALSE,-1,0,-10,2500,12500,-0.000799361,1.25,1.25
12/4/18 22:50,3387,3385.2,3393.5,FALSE,-1,0,-20,2480,12480,-0.0016,1.248,1.248
12/4/18 22:51,3384,3384.4,3392.85,FALSE,-1,0,30,2510,12510,0.002403846,1.251,1.251
12/4/18 22:52,3388,3385.6,3392.4,FALSE,-1,0,-40,2470,12470,-0.003197442,1.247,1.247
12/4/18 22:53,3388,3386.4,3391.95,FALSE,-1,0,0,2470,12470,0,1.247,1.247
12/4/18 22:54,3390,3387.4,3391.75,FALSE,-1,0,-20,2450,12450,-0.001603849,1.245,1.245
12/4/18 22:55,3389,3387.8,3391.4,FALSE,-1,0,10,2460,12460,0.000803213,1.246,1.246
12/4/18 22:56,3390,3389,3391.2,FALSE,-1,0,-10,2450,12450,-0.000802568,1.245,1.245
12/4/18 22:57,3390,3389.4,3390.9,FALSE,-1,0,0,2450,12450,0,1.245,1.245
12/4/18 22:58,3391,3390,3390.85,FALSE,-1,0,-10,2440,12440,-0.000803213,1.244,1.244
12/4/18 22:59,3394,3390.8,3390.9,FALSE,-1,0,-30,2410,12410,-0.002411576,1.241,1.241
12/5/18 09:00,3380,3389,3390,FALSE,-1,0,140,2550,12550,0.011281225,1.255,1.255
12/5/18 09:01,3385,3388,3389.35,FALSE,-1,0,-50,2500,12500,-0.003984064,1.25,1.25
12/5/18 09:02,3379,3385.8,3388.4,FALSE,-1,0,60,2560,12560,0.0048,1.256,1.256
12/5/18 09:03,3377,3383,3387.15,FALSE,-1,0,20,2580,12580,0.001592357,1.258,1.258
12/5/18 09:04,3375,3379.2,3386,FALSE,-1,0,20,2600,12600,0.001589825,1.26,1.26
12/5/18 09:05,3376,3378.4,3385.1,FALSE,-1,0,-10,2590,12590,-0.000793651,1.259,1.259
12/5/18 09:06,3374,3376.2,3384.4,FALSE,-1,0,20,2610,12610,0.001588562,1.261,1.261
12/5/18 09:07,3371,3374.6,3383.85,FALSE,-1,0,30,2640,12640,0.002379064,1.264,1.264
12/5/18 09:08,3375,3374.2,3383.4,FALSE,-1,0,-40,2600,12600,-0.003164557,1.26,1.26
12/5/18 09:09,3370,3373.2,3382.65,FALSE,-1,0,50,2650,12650,0.003968254,1.265,1.265
12/5/18 09:10,3371,3372.2,3381.85,FALSE,-1,0,-10,2640,12640,-0.000790514,1.264,1.264
12/5/18 09:11,3366,3370.6,3380.95,FALSE,-1,0,50,2690,12690,0.003955696,1.269,1.269
12/5/18 09:12,3365,3369.4,3379.8,FALSE,-1,0,10,2700,12700,0.000788022,1.27,1.27
12/5/18 09:13,3370,3368.4,3378.9,FALSE,-1,0,-50,2650,12650,-0.003937008,1.265,1.265
12/5/18 09:14,3365,3367.4,3377.65,FALSE,-1,0,50,2700,12700,0.003952569,1.27,1.27
12/5/18 09:15,3364,3366,3376.4,FALSE,-1,0,10,2710,12710,0.000787402,1.271,1.271
12/5/18 09:16,3364,3365.6,3375.1,FALSE,-1,0,0,2710,12710,0,1.271,1.271
12/5/18 09:17,3367,3366,3373.95,FALSE,-1,0,-30,2680,12680,-0.002360346,1.268,1.268
12/5/18 09:18,3371,3366.2,3372.95,FALSE,-1,0,-40,2640,12640,-0.003154574,1.264,1.264
12/5/18 09:19,3372,3367.6,3371.85,FALSE,-1,0,-10,2630,12630,-0.000791139,1.263,1.263
12/5/18 09:20,3371,3369,3371.4,FALSE,-1,0,10,2640,12640,0.000791766,1.264,1.264
12/5/18 09:21,3373,3370.8,3370.8,TRUE,1,-40,20,2620,12620,-0.001582278,1.262,1.262
12/5/18 09:22,3374,3372.2,3370.55,TRUE,1,0,10,2630,12630,0.000792393,1.263,1.263
12/5/18 09:23,3372,3372.4,3370.3,TRUE,1,0,-20,2610,12610,-0.001583531,1.261,1.261
12/5/18 09:24,3372,3372.4,3370.15,TRUE,1,0,0,2610,12610,0,1.261,1.261
12/5/18 09:25,3369,3372,3369.8,TRUE,1,0,-30,2580,12580,-0.002379064,1.258,1.258
12/5/18 09:26,3373,3372,3369.75,TRUE,1,0,40,2620,12620,0.00317965,1.262,1.262
12/5/18 09:27,3382,3373.6,3370.3,TRUE,1,0,90,2710,12710,0.007131537,1.271,1.271
12/5/18 09:28,3379,3375,3370.5,TRUE,1,0,-30,2680,12680,-0.002360346,1.268,1.268
12/5/18 09:29,3380,3376.6,3371,TRUE,1,0,10,2690,12690,0.000788644,1.269,1.269
12/5/18 09:30,3383,3379.4,3371.6,TRUE,1,0,30,2720,12720,0.002364066,1.272,1.272
12/5/18 09:31,3383,3381.4,3372.45,TRUE,1,0,0,2720,12720,0,1.272,1.272
12/5/18 09:32,3380,3381,3373.2,TRUE,1,0,-30,2690,12690,-0.002358491,1.269,1.269
12/5/18 09:33,3383,3381.8,3373.85,TRUE,1,0,30,2720,12720,0.002364066,1.272,1.272
12/5/18 09:34,3382,3382.2,3374.7,TRUE,1,0,-10,2710,12710,-0.000786164,1.271,1.271
12/5/18 09:35,3387,3383,3375.85,TRUE,1,0,50,2760,12760,0.00393391,1.276,1.276
12/5/18 09:36,3385,3383.4,3376.9,TRUE,1,0,-20,2740,12740,-0.001567398,1.274,1.274
12/5/18 09:37,3388,3385,3377.95,TRUE,1,0,30,2770,12770,0.002354788,1.277,1.277
12/5/18 09:38,3388,3386,3378.8,TRUE,1,0,0,2770,12770,0,1.277,1.277
12/5/18 09:39,3392,3388,3379.8,TRUE,1,0,40,2810,12810,0.003132341,1.281,1.281
12/5/18 09:40,3392,3389,3380.85,TRUE,1,0,0,2810,12810,0,1.281,1.281
12/5/18 09:41,3389,3389.8,3381.65,TRUE,1,0,-30,2780,12780,-0.00234192,1.278,1.278
12/5/18 09:42,3390,3390.2,3382.45,TRUE,1,0,10,2790,12790,0.000782473,1.279,1.279
12/5/18 09:43,3390,3390.6,3383.35,TRUE,1,0,0,2790,12790,0,1.279,1.279
12/5/18 09:44,3389,3390,3384.2,TRUE,1,0,-10,2780,12780,-0.000781861,1.278,1.278
12/5/18 09:45,3390,3389.6,3385.25,TRUE,1,0,10,2790,12790,0.000782473,1.279,1.279
12/5/18 09:46,3388,3389.4,3386,TRUE,1,0,-20,2770,12770,-0.001563722,1.277,1.277
12/5/18 09:47,3388,3389,3386.3,TRUE,1,0,0,2770,12770,0,1.277,1.277
12/5/18 09:48,3391,3389.2,3386.9,TRUE,1,0,30,2800,12800,0.002349256,1.28,1.28
12/5/18 09:49,3390,3389.4,3387.4,TRUE,1,0,-10,2790,12790,-0.00078125,1.279,1.279
12/5/18 09:50,3391,3389.6,3387.8,TRUE,1,0,10,2800,12800,0.000781861,1.28,1.28
12/5/18 09:51,3387,3389.4,3388,TRUE,1,0,-40,2760,12760,-0.003125,1.276,1.276
12/5/18 09:52,3391,3390,3388.55,TRUE,1,0,40,2800,12800,0.003134796,1.28,1.28
12/5/18 09:53,3394,3390.6,3389.1,TRUE,1,0,30,2830,12830,0.00234375,1.283,1.283
12/5/18 09:54,3398,3392.2,3389.9,TRUE,1,0,40,2870,12870,0.003117693,1.287,1.287
12/5/18 09:55,3397,3393.4,3390.4,TRUE,1,0,-10,2860,12860,-0.000777001,1.286,1.286
12/5/18 09:56,3403,3396.6,3391.3,TRUE,1,0,60,2920,12920,0.00466563,1.292,1.292
12/5/18 09:57,3399,3398.2,3391.85,TRUE,1,0,-40,2880,12880,-0.003095975,1.288,1.288
12/5/18 09:58,3399,3399.2,3392.4,TRUE,1,0,0,2880,12880,0,1.288,1.288
12/5/18 09:59,3397,3399,3392.65,TRUE,1,0,-20,2860,12860,-0.001552795,1.286,1.286
12/5/18 10:00,3391,3397.8,3392.6,TRUE,1,0,-60,2800,12800,-0.00466563,1.28,1.28
12/5/18 10:01,3391,3395.4,3392.7,TRUE,1,0,0,2800,12800,0,1.28,1.28
12/5/18 10:02,3391,3393.8,3392.75,TRUE,1,0,0,2800,12800,0,1.28,1.28
12/5/18 10:03,3391,3392.2,3392.8,FALSE,-1,0,0,2800,12800,0,1.28,1.28
12/5/18 10:04,3393,3391.4,3393,FALSE,-1,0,-20,2780,12780,-0.0015625,1.278,1.278
12/5/18 10:05,3392,3391.6,3393.1,FALSE,-1,0,10,2790,12790,0.000782473,1.279,1.279
12/5/18 10:06,3395,3392.4,3393.45,FALSE,-1,0,-30,2760,12760,-0.002345582,1.276,1.276
12/5/18 10:07,3393,3392.8,3393.7,FALSE,-1,0,20,2780,12780,0.001567398,1.278,1.278
12/5/18 10:08,3392,3393,3393.75,FALSE,-1,0,10,2790,12790,0.000782473,1.279,1.279
12/5/18 10:09,3388,3392,3393.65,FALSE,-1,0,40,2830,12830,0.003127443,1.283,1.283
12/5/18 10:10,3389,3391.4,3393.55,FALSE,-1,0,-10,2820,12820,-0.000779423,1.282,1.282
12/5/18 10:11,3391,3390.6,3393.75,FALSE,-1,0,-20,2800,12800,-0.001560062,1.28,1.28
12/5/18 10:12,3392,3390.4,3393.8,FALSE,-1,0,-10,2790,12790,-0.00078125,1.279,1.279
12/5/18 10:13,3396,3391.2,3393.9,FALSE,-1,0,-40,2750,12750,-0.003127443,1.275,1.275
12/5/18 10:14,3397,3393,3393.85,FALSE,-1,0,-10,2740,12740,-0.000784314,1.274,1.274
12/5/18 10:30,3404,3396,3394.2,TRUE,1,-140,70,2670,12670,-0.005494505,1.267,1.267
12/5/18 10:31,3406,3399,3394.35,TRUE,1,0,20,2690,12690,0.001578532,1.269,1.269
12/5/18 10:32,3403,3401.2,3394.55,TRUE,1,0,-30,2660,12660,-0.002364066,1.266,1.266
12/5/18 10:33,3407,3403.4,3394.95,TRUE,1,0,40,2700,12700,0.003159558,1.27,1.27
12/5/18 10:34,3409,3405.8,3395.55,TRUE,1,0,20,2720,12720,0.001574803,1.272,1.272
12/5/18 10:35,3414,3407.8,3396.7,TRUE,1,0,50,2770,12770,0.003930818,1.277,1.277
12/5/18 10:36,3414,3409.4,3397.85,TRUE,1,0,0,2770,12770,0,1.277,1.277
12/5/18 10:37,3413,3411.4,3398.95,TRUE,1,0,-10,2760,12760,-0.000783085,1.276,1.276
12/5/18 10:38,3410,3412,3399.9,TRUE,1,0,-30,2730,12730,-0.002351097,1.273,1.273
12/5/18 10:39,3406,3411.4,3400.55,TRUE,1,0,-40,2690,12690,-0.003142184,1.269,1.269
12/5/18 10:40,3405,3409.6,3401.2,TRUE,1,0,-10,2680,12680,-0.000788022,1.268,1.268
12/5/18 10:41,3402,3407.2,3401.55,TRUE,1,0,-30,2650,12650,-0.002365931,1.265,1.265
12/5/18 10:42,3406,3405.8,3402.2,TRUE,1,0,40,2690,12690,0.003162055,1.269,1.269
12/5/18 10:43,3408,3405.4,3403,TRUE,1,0,20,2710,12710,0.001576044,1.271,1.271
12/5/18 10:44,3409,3406,3404.05,TRUE,1,0,10,2720,12720,0.000786782,1.272,1.272
12/5/18 10:45,3407,3406.4,3404.95,TRUE,1,0,-20,2700,12700,-0.001572327,1.27,1.27
12/5/18 10:46,3410,3408,3405.9,TRUE,1,0,30,2730,12730,0.002362205,1.273,1.273
12/5/18 10:47,3417,3410.2,3407.15,TRUE,1,0,70,2800,12800,0.005498822,1.28,1.28
12/5/18 10:48,3415,3411.6,3408.1,TRUE,1,0,-20,2780,12780,-0.0015625,1.278,1.278
12/5/18 10:49,3414,3412.6,3408.95,TRUE,1,0,-10,2770,12770,-0.000782473,1.277,1.277
12/5/18 10:50,3414,3414,3409.45,TRUE,1,0,0,2770,12770,0,1.277,1.277
12/5/18 10:51,3416,3415.2,3409.95,TRUE,1,0,20,2790,12790,0.001566171,1.279,1.279
12/5/18 10:52,3413,3414.4,3410.45,TRUE,1,0,-30,2760,12760,-0.002345582,1.276,1.276
12/5/18 10:53,3413,3414,3410.75,TRUE,1,0,0,2760,12760,0,1.276,1.276
12/5/18 10:54,3415,3414.2,3411.05,TRUE,1,0,20,2780,12780,0.001567398,1.278,1.278
12/5/18 10:55,3415,3414.4,3411.1,TRUE,1,0,0,2780,12780,0,1.278,1.278
12/5/18 10:56,3410,3413.2,3410.9,TRUE,1,0,-50,2730,12730,-0.003912363,1.273,1.273
12/5/18 10:57,3408,3412.2,3410.65,TRUE,1,0,-20,2710,12710,-0.001571092,1.271,1.271
12/5/18 10:58,3408,3411.2,3410.55,TRUE,1,0,0,2710,12710,0,1.271,1.271
12/5/18 10:59,3404,3409,3410.45,FALSE,-1,-80,40,2670,12670,-0.003147128,1.267,1.267
12/5/18 11:00,3407,3407.4,3410.55,FALSE,-1,0,-30,2640,12640,-0.002367798,1.264,1.264
12/5/18 11:01,3405,3406.4,3410.7,FALSE,-1,0,20,2660,12660,0.001582278,1.266,1.266
12/5/18 11:02,3406,3406,3410.7,FALSE,-1,0,-10,2650,12650,-0.000789889,1.265,1.265
12/5/18 11:03,3405,3405.4,3410.55,FALSE,-1,0,10,2660,12660,0.000790514,1.266,1.266
12/5/18 11:04,3411,3406.8,3410.65,FALSE,-1,0,-60,2600,12600,-0.004739336,1.26,1.26
12/5/18 11:05,3408,3407,3410.7,FALSE,-1,0,30,2630,12630,0.002380952,1.263,1.263
12/5/18 11:06,3399,3405.8,3410.15,FALSE,-1,0,90,2720,12720,0.007125891,1.272,1.272
12/5/18 11:07,3400,3404.6,3409.3,FALSE,-1,0,-10,2710,12710,-0.000786164,1.271,1.271
12/5/18 11:08,3401,3403.8,3408.6,FALSE,-1,0,-10,2700,12700,-0.000786782,1.27,1.27
12/5/18 11:09,3399,3401.4,3407.85,FALSE,-1,0,20,2720,12720,0.001574803,1.272,1.272
12/5/18 11:10,3402,3400.2,3407.25,FALSE,-1,0,-30,2690,12690,-0.002358491,1.269,1.269
12/5/18 11:11,3402,3400.8,3406.55,FALSE,-1,0,0,2690,12690,0,1.269,1.269
12/5/18 11:12,3400,3400.8,3405.9,FALSE,-1,0,20,2710,12710,0.001576044,1.271,1.271
12/5/18 11:13,3400,3400.6,3405.25,FALSE,-1,0,0,2710,12710,0,1.271,1.271
12/5/18 11:14,3398,3400.4,3404.4,FALSE,-1,0,20,2730,12730,0.001573564,1.273,1.273
12/5/18 11:15,3402,3400.4,3403.75,FALSE,-1,0,-40,2690,12690,-0.003142184,1.269,1.269
12/5/18 11:16,3405,3401,3403.5,FALSE,-1,0,-30,2660,12660,-0.002364066,1.266,1.266
12/5/18 11:17,3405,3402,3403.35,FALSE,-1,0,0,2660,12660,0,1.266,1.266
12/5/18 11:18,3402,3402.4,3403.05,FALSE,-1,0,30,2690,12690,0.002369668,1.269,1.269
12/5/18 11:19,3398,3402.4,3402.75,FALSE,-1,0,40,2730,12730,0.003152088,1.273,1.273
12/5/18 11:20,3403,3402.6,3402.55,TRUE,1,-100,50,2680,12680,-0.00392773,1.268,1.268
12/5/18 11:21,3401,3401.8,3402.35,FALSE,-1,-40,20,2660,12660,-0.001577287,1.266,1.266
12/5/18 11:22,3401,3401,3402.1,FALSE,-1,0,0,2660,12660,0,1.266,1.266
12/5/18 11:23,3397,3400,3401.7,FALSE,-1,0,40,2700,12700,0.003159558,1.27,1.27
12/5/18 11:24,3398,3400,3401.05,FALSE,-1,0,-10,2690,12690,-0.000787402,1.269,1.269
12/5/18 11:25,3396,3398.6,3400.45,FALSE,-1,0,20,2710,12710,0.001576044,1.271,1.271
12/5/18 11:26,3398,3398,3400.4,FALSE,-1,0,-20,2690,12690,-0.001573564,1.269,1.269
12/5/18 11:27,3402,3398.2,3400.5,FALSE,-1,0,-40,2650,12650,-0.003152088,1.265,1.265
12/5/18 11:28,3403,3399.4,3400.6,FALSE,-1,0,-10,2640,12640,-0.000790514,1.264,1.264
12/5/18 11:29,3408,3401.4,3401.05,TRUE,1,-100,50,2590,12590,-0.003955696,1.259,1.259
12/5/18 13:30,3415,3405.2,3401.7,TRUE,1,0,70,2660,12660,0.005559968,1.266,1.266
12/5/18 13:31,3414,3408.4,3402.3,TRUE,1,0,-10,2650,12650,-0.000789889,1.265,1.265
12/5/18 13:32,3424,3412.8,3403.5,TRUE,1,0,100,2750,12750,0.007905138,1.275,1.275
12/5/18 13:33,3428,3417.8,3404.9,TRUE,1,0,40,2790,12790,0.003137255,1.279,1.279
12/5/18 13:34,3424,3421,3406.2,TRUE,1,0,-40,2750,12750,-0.003127443,1.275,1.275
12/5/18 13:35,3428,3423.6,3407.5,TRUE,1,0,40,2790,12790,0.003137255,1.279,1.279
12/5/18 13:36,3426,3426,3408.55,TRUE,1,0,-20,2770,12770,-0.001563722,1.277,1.277
12/5/18 13:37,3423,3425.8,3409.45,TRUE,1,0,-30,2740,12740,-0.002349256,1.274,1.274
12/5/18 13:38,3422,3424.6,3410.45,TRUE,1,0,-10,2730,12730,-0.000784929,1.273,1.273
12/5/18 13:39,3424,3424.6,3411.75,TRUE,1,0,20,2750,12750,0.001571092,1.275,1.275
12/5/18 13:40,3425,3424,3412.85,TRUE,1,0,10,2760,12760,0.000784314,1.276,1.276
12/5/18 13:41,3429,3424.6,3414.25,TRUE,1,0,40,2800,12800,0.003134796,1.28,1.28
12/5/18 13:42,3430,3426,3415.7,TRUE,1,0,10,2810,12810,0.00078125,1.281,1.281
12/5/18 13:43,3433,3428.2,3417.5,TRUE,1,0,30,2840,12840,0.00234192,1.284,1.284
12/5/18 13:44,3430,3429.4,3419.1,TRUE,1,0,-30,2810,12810,-0.002336449,1.281,1.281
12/5/18 13:45,3430,3430.4,3420.8,TRUE,1,0,0,2810,12810,0,1.281,1.281
12/5/18 13:46,3429,3430.4,3422.35,TRUE,1,0,-10,2800,12800,-0.00078064,1.28,1.28
12/5/18 13:47,3431,3430.6,3423.8,TRUE,1,0,20,2820,12820,0.0015625,1.282,1.282
12/5/18 13:48,3432,3430.4,3425.25,TRUE,1,0,10,2830,12830,0.000780031,1.283,1.283
12/5/18 13:49,3434,3431.2,3426.55,TRUE,1,0,20,2850,12850,0.001558846,1.285,1.285
12/5/18 13:50,3431,3431.4,3427.35,TRUE,1,0,-30,2820,12820,-0.00233463,1.282,1.282
12/5/18 13:51,3430,3431.6,3428.15,TRUE,1,0,-10,2810,12810,-0.000780031,1.281,1.281
12/5/18 13:52,3440,3433.4,3428.95,TRUE,1,0,100,2910,12910,0.007806401,1.291,1.291
12/5/18 13:53,3441,3435.2,3429.6,TRUE,1,0,10,2920,12920,0.000774593,1.292,1.292
12/5/18 13:54,3443,3437,3430.55,TRUE,1,0,20,2940,12940,0.001547988,1.294,1.294
12/5/18 13:55,3445,3439.8,3431.4,TRUE,1,0,20,2960,12960,0.001545595,1.296,1.296
12/5/18 13:56,3449,3443.6,3432.55,TRUE,1,0,40,3000,13000,0.00308642,1.3,1.3
12/5/18 13:57,3443,3444.2,3433.55,TRUE,1,0,-60,2940,12940,-0.004615385,1.294,1.294
12/5/18 13:58,3443,3444.6,3434.6,TRUE,1,0,0,2940,12940,0,1.294,1.294
12/5/18 13:59,3442,3444.4,3435.5,TRUE,1,0,-10,2930,12930,-0.000772798,1.293,1.293
12/5/18 14:00,3442,3443.8,3436.35,TRUE,1,0,0,2930,12930,0,1.293,1.293
12/5/18 14:01,3445,3443,3437.15,TRUE,1,0,30,2960,12960,0.002320186,1.296,1.296
12/5/18 14:02,3443,3443,3437.8,TRUE,1,0,-20,2940,12940,-0.00154321,1.294,1.294
12/5/18 14:03,3443,3443,3438.3,TRUE,1,0,0,2940,12940,0,1.294,1.294
12/5/18 14:04,3443,3443.2,3438.95,TRUE,1,0,0,2940,12940,0,1.294,1.294
12/5/18 14:05,3440,3442.8,3439.45,TRUE,1,0,-30,2910,12910,-0.002318393,1.291,1.291
12/5/18 14:06,3440,3441.8,3440,TRUE,1,0,0,2910,12910,0,1.291,1.291
12/5/18 14:07,3441,3441.4,3440.5,TRUE,1,0,10,2920,12920,0.000774593,1.292,1.292
12/5/18 14:08,3445,3441.8,3441.15,TRUE,1,0,40,2960,12960,0.003095975,1.296,1.296
12/5/18 14:09,3449,3443,3441.9,TRUE,1,0,40,3000,13000,0.00308642,1.3,1.3
12/5/18 14:10,3448,3444.6,3442.75,TRUE,1,0,-10,2990,12990,-0.000769231,1.299,1.299
12/5/18 14:11,3447,3446,3443.6,TRUE,1,0,-10,2980,12980,-0.000769823,1.298,1.298
12/5/18 14:12,3445,3446.8,3443.85,TRUE,1,0,-20,2960,12960,-0.001540832,1.296,1.296
12/5/18 14:13,3445,3446.8,3444.05,TRUE,1,0,0,2960,12960,0,1.296,1.296
12/5/18 14:14,3446,3446.2,3444.2,TRUE,1,0,10,2970,12970,0.000771605,1.297,1.297
12/5/18 14:15,3447,3446,3444.3,TRUE,1,0,10,2980,12980,0.00077101,1.298,1.298
12/5/18 14:16,3444,3445.4,3444.05,TRUE,1,0,-30,2950,12950,-0.002311248,1.295,1.295
12/5/18 14:17,3440,3444.4,3443.9,TRUE,1,0,-40,2910,12910,-0.003088803,1.291,1.291
12/5/18 14:18,3437,3442.8,3443.6,FALSE,-1,-60,30,2880,12880,-0.00232378,1.288,1.288
12/5/18 14:19,3440,3441.6,3443.5,FALSE,-1,0,-30,2850,12850,-0.002329193,1.285,1.285
12/5/18 14:20,3437,3439.6,3443.25,FALSE,-1,0,30,2880,12880,0.00233463,1.288,1.288
12/5/18 14:21,3439,3438.6,3442.95,FALSE,-1,0,-20,2860,12860,-0.001552795,1.286,1.286
12/5/18 14:22,3443,3439.2,3442.95,FALSE,-1,0,-40,2820,12820,-0.00311042,1.282,1.282
12/5/18 14:23,3442,3440.2,3442.9,FALSE,-1,0,10,2830,12830,0.000780031,1.283,1.283
12/5/18 14:24,3444,3441,3442.95,FALSE,-1,0,-20,2810,12810,-0.001558846,1.281,1.281
12/5/18 14:25,3446,3442.8,3443.25,FALSE,-1,0,-20,2790,12790,-0.00156128,1.279,1.279
12/5/18 14:26,3445,3444,3443.5,TRUE,1,20,-10,2800,12800,0.000781861,1.28,1.28
12/5/18 14:27,3443,3444,3443.6,TRUE,1,0,-20,2780,12780,-0.0015625,1.278,1.278
12/5/18 14:28,3446,3444.8,3443.65,TRUE,1,0,30,2810,12810,0.002347418,1.281,1.281
12/5/18 14:29,3449,3445.8,3443.65,TRUE,1,0,30,2840,12840,0.00234192,1.284,1.284
12/5/18 14:30,3454,3447.4,3443.95,TRUE,1,0,50,2890,12890,0.003894081,1.289,1.289
12/5/18 14:31,3454,3449.2,3444.3,TRUE,1,0,0,2890,12890,0,1.289,1.289
12/5/18 14:32,3452,3451,3444.65,TRUE,1,0,-20,2870,12870,-0.00155159,1.287,1.287
12/5/18 14:33,3448,3451.4,3444.8,TRUE,1,0,-40,2830,12830,-0.003108003,1.283,1.283
12/5/18 14:34,3450,3451.6,3445,TRUE,1,0,20,2850,12850,0.001558846,1.285,1.285
12/5/18 14:35,3455,3451.8,3445.4,TRUE,1,0,50,2900,12900,0.003891051,1.29,1.29
12/5/18 14:36,3455,3452,3445.95,TRUE,1,0,0,2900,12900,0,1.29,1.29
12/5/18 14:37,3458,3453.2,3446.85,TRUE,1,0,30,2930,12930,0.002325581,1.293,1.293
12/5/18 14:38,3457,3455,3447.85,TRUE,1,0,-10,2920,12920,-0.000773395,1.292,1.292
12/5/18 14:39,3460,3457,3448.85,TRUE,1,0,30,2950,12950,0.002321981,1.295,1.295
12/5/18 14:40,3459,3457.8,3449.95,TRUE,1,0,-10,2940,12940,-0.000772201,1.294,1.294
12/5/18 14:41,3463,3459.4,3451.15,TRUE,1,0,40,2980,12980,0.00309119,1.298,1.298
12/5/18 14:42,3463,3460.4,3452.15,TRUE,1,0,0,2980,12980,0,1.298,1.298
12/5/18 14:43,3459,3460.8,3453,TRUE,1,0,-40,2940,12940,-0.003081664,1.294,1.294
12/5/18 14:44,3458,3460.4,3453.7,TRUE,1,0,-10,2930,12930,-0.000772798,1.293,1.293
12/5/18 14:45,3457,3460,3454.25,TRUE,1,0,-10,2920,12920,-0.000773395,1.292,1.292
12/5/18 14:46,3453,3458,3454.65,TRUE,1,0,-40,2880,12880,-0.003095975,1.288,1.288
12/5/18 14:47,3455,3456.4,3455.25,TRUE,1,0,20,2900,12900,0.001552795,1.29,1.29
12/5/18 14:48,3455,3455.6,3455.7,FALSE,-1,0,0,2900,12900,0,1.29,1.29
12/5/18 14:49,3453,3454.6,3455.9,FALSE,-1,0,20,2920,12920,0.001550388,1.292,1.292
12/5/18 14:50,3458,3454.8,3456.1,FALSE,-1,0,-50,2870,12870,-0.003869969,1.287,1.287
12/5/18 14:51,3457,3455.6,3456.25,FALSE,-1,0,10,2880,12880,0.000777001,1.288,1.288
12/5/18 14:52,3456,3455.8,3456.45,FALSE,-1,0,10,2890,12890,0.000776398,1.289,1.289
12/5/18 14:53,3453,3455.4,3456.7,FALSE,-1,0,30,2920,12920,0.002327386,1.292,1.292
12/5/18 14:54,3463,3457.4,3457.35,TRUE,1,-200,100,2820,12820,-0.007739938,1.282,1.282
12/5/18 14:55,3458,3457.4,3457.5,FALSE,-1,-100,50,2770,12770,-0.003900156,1.277,1.277
12/5/18 14:56,3460,3458,3457.75,TRUE,1,-40,20,2750,12750,-0.001566171,1.275,1.275
12/5/18 14:57,3459,3458.6,3457.8,TRUE,1,0,-10,2740,12740,-0.000784314,1.274,1.274
12/5/18 14:58,3462,3460.4,3458.05,TRUE,1,0,30,2770,12770,0.002354788,1.277,1.277
12/5/18 14:59,3462,3460.2,3458.15,TRUE,1,0,0,2770,12770,0,1.277,1.277
12/6/18 21:00,3354,3439.4,3452.9,FALSE,-1,-2160,1080,1690,11690,-0.084573218,1.169,1.169
12/6/18 21:01,3353,3418,3447.4,FALSE,-1,0,10,1700,11700,0.000855432,1.17,1.17
12/6/18 21:02,3357,3397.6,3442.1,FALSE,-1,0,-40,1660,11660,-0.003418803,1.166,1.166
12/6/18 21:03,3357,3376.6,3437,FALSE,-1,0,0,1660,11660,0,1.166,1.166
12/6/18 21:04,3354,3355,3431.8,FALSE,-1,0,30,1690,11690,0.002572899,1.169,1.169
12/6/18 21:05,3348,3353.8,3426.35,FALSE,-1,0,60,1750,11750,0.005132592,1.175,1.175
12/6/18 21:06,3351,3353.4,3421.25,FALSE,-1,0,-30,1720,11720,-0.002553191,1.172,1.172
12/6/18 21:07,3352,3352.4,3416.1,FALSE,-1,0,-10,1710,11710,-0.000853242,1.171,1.171
12/6/18 21:08,3356,3352.2,3411.15,FALSE,-1,0,-40,1670,11670,-0.003415884,1.167,1.167
12/6/18 21:09,3354,3352.2,3406.2,FALSE,-1,0,20,1690,11690,0.001713796,1.169,1.169
12/6/18 21:10,3357,3354,3401.15,FALSE,-1,0,-30,1660,11660,-0.002566296,1.166,1.166
12/6/18 21:11,3359,3355.6,3396.25,FALSE,-1,0,-20,1640,11640,-0.001715266,1.164,1.164
12/6/18 21:12,3355,3356.2,3391.2,FALSE,-1,0,40,1680,11680,0.003436426,1.168,1.168
12/6/18 21:13,3360,3357,3386.55,FALSE,-1,0,-50,1630,11630,-0.004280822,1.163,1.163
12/6/18 21:14,3357,3357.6,3381.25,FALSE,-1,0,30,1660,11660,0.002579536,1.166,1.166
12/6/18 21:15,3356,3357.4,3376.15,FALSE,-1,0,10,1670,11670,0.000857633,1.167,1.167
12/6/18 21:16,3359,3357.4,3371.1,FALSE,-1,0,-30,1640,11640,-0.002570694,1.164,1.164
12/6/18 21:17,3362,3358.8,3366.25,FALSE,-1,0,-30,1610,11610,-0.00257732,1.161,1.161
12/6/18 21:18,3364,3359.6,3361.35,FALSE,-1,0,-20,1590,11590,-0.001722653,1.159,1.159
12/6/18 21:19,3362,3360.6,3356.35,TRUE,1,40,-20,1610,11610,0.001725626,1.161,1.161
12/6/18 21:20,3364,3362.2,3356.85,TRUE,1,0,20,1630,11630,0.001722653,1.163,1.163
12/6/18 21:21,3364,3363.2,3357.4,TRUE,1,0,0,1630,11630,0,1.163,1.163
12/6/18 21:22,3366,3364,3357.85,TRUE,1,0,20,1650,11650,0.00171969,1.165,1.165
12/6/18 21:23,3365,3364.2,3358.25,TRUE,1,0,-10,1640,11640,-0.000858369,1.164,1.164
12/6/18 21:24,3364,3364.6,3358.75,TRUE,1,0,-10,1630,11630,-0.000859107,1.163,1.163
12/6/18 21:25,3365,3364.8,3359.6,TRUE,1,0,10,1640,11640,0.000859845,1.164,1.164
12/6/18 21:26,3362,3364.4,3360.15,TRUE,1,0,-30,1610,11610,-0.00257732,1.161,1.161
12/6/18 21:27,3365,3364.2,3360.8,TRUE,1,0,30,1640,11640,0.002583979,1.164,1.164
12/6/18 21:28,3363,3363.8,3361.15,TRUE,1,0,-20,1620,11620,-0.001718213,1.162,1.162
12/6/18 21:29,3362,3363.4,3361.55,TRUE,1,0,-10,1610,11610,-0.000860585,1.161,1.161
12/6/18 21:30,3365,3363.4,3361.95,TRUE,1,0,30,1640,11640,0.002583979,1.164,1.164
12/6/18 21:31,3367,3364.4,3362.35,TRUE,1,0,20,1660,11660,0.001718213,1.166,1.166
12/6/18 21:32,3366,3364.6,3362.9,TRUE,1,0,-10,1650,11650,-0.000857633,1.165,1.165
12/6/18 21:33,3366,3365.2,3363.2,TRUE,1,0,0,1650,11650,0,1.165,1.165
12/6/18 21:34,3370,3366.8,3363.85,TRUE,1,0,40,1690,11690,0.003433476,1.169,1.169
12/6/18 21:35,3369,3367.6,3364.5,TRUE,1,0,-10,1680,11680,-0.000855432,1.168,1.168
12/6/18 21:36,3365,3367.2,3364.8,TRUE,1,0,-40,1640,11640,-0.003424658,1.164,1.164
12/6/18 21:37,3365,3367,3364.95,TRUE,1,0,0,1640,11640,0,1.164,1.164
12/6/18 21:38,3365,3366.8,3365,TRUE,1,0,0,1640,11640,0,1.164,1.164
12/6/18 21:39,3364,3365.6,3365.1,TRUE,1,0,-10,1630,11630,-0.000859107,1.163,1.163
12/6/18 21:40,3368,3365.4,3365.3,TRUE,1,0,40,1670,11670,0.003439381,1.167,1.167
12/6/18 21:41,3367,3365.8,3365.45,TRUE,1,0,-10,1660,11660,-0.000856898,1.166,1.166
12/6/18 21:42,3363,3365.4,3365.3,TRUE,1,0,-40,1620,11620,-0.003430532,1.162,1.162
12/6/18 21:43,3362,3364.8,3365.15,FALSE,-1,-20,10,1610,11610,-0.000860585,1.161,1.161
12/6/18 21:44,3361,3364.2,3365,FALSE,-1,0,10,1620,11620,0.000861326,1.162,1.162
12/6/18 21:45,3364,3363.4,3364.95,FALSE,-1,0,-30,1590,11590,-0.002581756,1.159,1.159
12/6/18 21:46,3366,3363.2,3365.15,FALSE,-1,0,-20,1570,11570,-0.001725626,1.157,1.157
12/6/18 21:47,3366,3363.8,3365.2,FALSE,-1,0,0,1570,11570,0,1.157,1.157
12/6/18 21:48,3366,3364.6,3365.35,FALSE,-1,0,0,1570,11570,0,1.157,1.157
12/6/18 21:49,3370,3366.4,3365.75,TRUE,1,-80,40,1530,11530,-0.003457217,1.153,1.153
12/6/18 21:50,3370,3367.6,3366,TRUE,1,0,0,1530,11530,0,1.153,1.153
12/6/18 21:51,3373,3369,3366.3,TRUE,1,0,30,1560,11560,0.002601908,1.156,1.156
12/6/18 21:52,3372,3370.2,3366.6,TRUE,1,0,-10,1550,11550,-0.000865052,1.155,1.155
12/6/18 21:53,3369,3370.8,3366.75,TRUE,1,0,-30,1520,11520,-0.002597403,1.152,1.152
12/6/18 21:54,3371,3371,3366.8,TRUE,1,0,20,1540,11540,0.001736111,1.154,1.154
12/6/18 21:55,3371,3371.2,3366.9,TRUE,1,0,0,1540,11540,0,1.154,1.154
12/6/18 21:56,3371,3370.8,3367.2,TRUE,1,0,0,1540,11540,0,1.154,1.154
12/6/18 21:57,3368,3370,3367.35,TRUE,1,0,-30,1510,11510,-0.002599653,1.151,1.151
12/6/18 21:58,3368,3369.8,3367.5,TRUE,1,0,0,1510,11510,0,1.151,1.151
12/6/18 21:59,3366,3368.8,3367.6,TRUE,1,0,-20,1490,11490,-0.001737619,1.149,1.149
12/6/18 22:00,3364,3367.4,3367.4,TRUE,1,0,-20,1470,11470,-0.001740644,1.147,1.147
12/6/18 22:01,3363,3365.8,3367.2,FALSE,-1,-20,10,1460,11460,-0.00087184,1.146,1.146
12/6/18 22:02,3362,3364.6,3367.15,FALSE,-1,0,10,1470,11470,0.0008726,1.147,1.147
12/6/18 22:03,3359,3362.8,3367,FALSE,-1,0,30,1500,11500,0.002615519,1.15,1.15
12/6/18 22:04,3361,3361.8,3367,FALSE,-1,0,-20,1480,11480,-0.00173913,1.148,1.148
12/6/18 22:05,3363,3361.6,3366.95,FALSE,-1,0,-20,1460,11460,-0.00174216,1.146,1.146
12/6/18 22:06,3361,3361.2,3366.7,FALSE,-1,0,20,1480,11480,0.001745201,1.148,1.148
12/6/18 22:07,3360,3360.8,3366.4,FALSE,-1,0,10,1490,11490,0.00087108,1.149,1.149
12/6/18 22:08,3358,3360.6,3366,FALSE,-1,0,20,1510,11510,0.001740644,1.151,1.151
12/6/18 22:09,3354,3359.2,3365.2,FALSE,-1,0,40,1550,11550,0.003475239,1.155,1.155
12/6/18 22:10,3357,3358,3364.55,FALSE,-1,0,-30,1520,11520,-0.002597403,1.152,1.152
12/6/18 22:11,3351,3356,3363.45,FALSE,-1,0,60,1580,11580,0.005208333,1.158,1.158
12/6/18 22:12,3351,3354.2,3362.4,FALSE,-1,0,0,1580,11580,0,1.158,1.158
12/6/18 22:13,3352,3353,3361.55,FALSE,-1,0,-10,1570,11570,-0.000863558,1.157,1.157
12/6/18 22:14,3353,3352.8,3360.65,FALSE,-1,0,-10,1560,11560,-0.000864304,1.156,1.156
12/6/18 22:15,3354,3352.2,3359.8,FALSE,-1,0,-10,1550,11550,-0.000865052,1.155,1.155
12/6/18 22:16,3352,3352.4,3358.85,FALSE,-1,0,20,1570,11570,0.001731602,1.157,1.157
12/6/18 22:17,3348,3351.8,3357.85,FALSE,-1,0,40,1610,11610,0.003457217,1.161,1.161
12/6/18 22:18,3346,3350.6,3356.75,FALSE,-1,0,20,1630,11630,0.001722653,1.163,1.163
12/6/18 22:19,3347,3349.4,3355.8,FALSE,-1,0,-10,1620,11620,-0.000859845,1.162,1.162
12/6/18 22:20,3351,3348.8,3355.15,FALSE,-1,0,-40,1580,11580,-0.003442341,1.158,1.158
12/6/18 22:21,3356,3349.6,3354.8,FALSE,-1,0,-50,1530,11530,-0.004317789,1.153,1.153
12/6/18 22:22,3358,3351.6,3354.6,FALSE,-1,0,-20,1510,11510,-0.001734605,1.151,1.151
12/6/18 22:23,3358,3354,3354.55,FALSE,-1,0,0,1510,11510,0,1.151,1.151
12/6/18 22:24,3353,3355.2,3354.15,TRUE,1,100,-50,1560,11560,0.004344049,1.156,1.156
12/6/18 22:25,3354,3355.8,3353.7,TRUE,1,0,10,1570,11570,0.000865052,1.157,1.157
12/6/18 22:26,3354,3355.4,3353.35,TRUE,1,0,0,1570,11570,0,1.157,1.157
12/6/18 22:27,3354,3354.6,3353.05,TRUE,1,0,0,1570,11570,0,1.157,1.157
12/6/18 22:28,3349,3352.8,3352.6,TRUE,1,0,-50,1520,11520,-0.004321521,1.152,1.152
12/6/18 22:29,3343,3350.8,3352.05,FALSE,-1,-120,60,1460,11460,-0.005208333,1.146,1.146
12/6/18 22:30,3347,3349.4,3351.55,FALSE,-1,0,-40,1420,11420,-0.003490401,1.142,1.142
12/6/18 22:31,3345,3347.6,3351.25,FALSE,-1,0,20,1440,11440,0.001751313,1.144,1.144
12/6/18 22:32,3347,3346.2,3351.05,FALSE,-1,0,-20,1420,11420,-0.001748252,1.142,1.142
12/6/18 22:33,3350,3346.4,3350.95,FALSE,-1,0,-30,1390,11390,-0.00262697,1.139,1.139
12/6/18 22:34,3353,3348.4,3350.95,FALSE,-1,0,-30,1360,11360,-0.002633889,1.136,1.136
12/6/18 22:35,3359,3350.8,3351.2,FALSE,-1,0,-60,1300,11300,-0.00528169,1.13,1.13
12/6/18 22:36,3360,3353.8,3351.6,TRUE,1,-20,10,1290,11290,-0.000884956,1.129,1.129
12/6/18 22:37,3359,3356.2,3352.15,TRUE,1,0,-10,1280,11280,-0.00088574,1.128,1.128
12/6/18 22:38,3358,3357.8,3352.75,TRUE,1,0,-10,1270,11270,-0.000886525,1.127,1.127
12/6/18 22:39,3355,3358.2,3353.15,TRUE,1,0,-30,1240,11240,-0.002661934,1.124,1.124
12/6/18 22:40,3357,3357.8,3353.45,TRUE,1,0,20,1260,11260,0.001779359,1.126,1.126
12/6/18 22:41,3354,3356.6,3353.35,TRUE,1,0,-30,1230,11230,-0.002664298,1.123,1.123
12/6/18 22:42,3352,3355.2,3353.05,TRUE,1,0,-20,1210,11210,-0.001780944,1.121,1.121
12/6/18 22:43,3355,3354.6,3352.9,TRUE,1,0,30,1240,11240,0.002676182,1.124,1.124
12/6/18 22:44,3348,3353.2,3352.65,TRUE,1,0,-70,1170,11170,-0.006227758,1.117,1.117
12/6/18 22:45,3349,3351.6,3352.4,FALSE,-1,20,-10,1180,11180,0.000895255,1.118,1.118
12/6/18 22:46,3346,3350,3352,FALSE,-1,0,30,1210,11210,0.002683363,1.121,1.121
12/6/18 22:47,3343,3348.2,3351.45,FALSE,-1,0,30,1240,11240,0.002676182,1.124,1.124
12/6/18 22:48,3345,3346.2,3351.25,FALSE,-1,0,-20,1220,11220,-0.001779359,1.122,1.122
12/6/18 22:49,3345,3345.6,3351.35,FALSE,-1,0,0,1220,11220,0,1.122,1.122
12/6/18 22:50,3346,3345,3351.3,FALSE,-1,0,-10,1210,11210,-0.000891266,1.121,1.121
12/6/18 22:51,3344,3344.6,3351.25,FALSE,-1,0,20,1230,11230,0.001784121,1.123,1.123
12/6/18 22:52,3345,3345,3351.15,FALSE,-1,0,-10,1220,11220,-0.000890472,1.122,1.122
12/6/18 22:53,3345,3345,3350.9,FALSE,-1,0,0,1220,11220,0,1.122,1.122
12/6/18 22:54,3341,3344.2,3350.3,FALSE,-1,0,40,1260,11260,0.003565062,1.126,1.126
12/6/18 22:55,3343,3343.6,3349.5,FALSE,-1,0,-20,1240,11240,-0.001776199,1.124,1.124
12/6/18 22:56,3342,3343.2,3348.6,FALSE,-1,0,10,1250,11250,0.00088968,1.125,1.125
12/6/18 22:57,3341,3342.4,3347.7,FALSE,-1,0,10,1260,11260,0.000888889,1.126,1.126
12/6/18 22:58,3341,3341.6,3346.85,FALSE,-1,0,0,1260,11260,0,1.126,1.126
12/6/18 22:59,3335,3340.4,3345.85,FALSE,-1,0,60,1320,11320,0.005328597,1.132,1.132
12/7/18 09:00,3348,3341.4,3345.4,FALSE,-1,0,-130,1190,11190,-0.011484099,1.119,1.119
12/7/18 09:01,3353,3343.6,3345.35,FALSE,-1,0,-50,1140,11140,-0.004468275,1.114,1.114
12/7/18 09:02,3350,3345.4,3345.25,TRUE,1,60,-30,1170,11170,0.002692998,1.117,1.117
12/7/18 09:03,3351,3347.4,3345.05,TRUE,1,0,10,1180,11180,0.000895255,1.118,1.118
12/7/18 09:04,3346,3349.6,3344.95,TRUE,1,0,-50,1130,11130,-0.004472272,1.113,1.113
12/7/18 09:05,3342,3348.4,3344.6,TRUE,1,0,-40,1090,11090,-0.00359389,1.109,1.109
12/7/18 09:06,3349,3347.6,3344.75,TRUE,1,0,70,1160,11160,0.006311993,1.116,1.116
12/7/18 09:07,3347,3347,3344.95,TRUE,1,0,-20,1140,11140,-0.001792115,1.114,1.114
12/7/18 09:08,3350,3346.8,3345.2,TRUE,1,0,30,1170,11170,0.002692998,1.117,1.117
12/7/18 09:09,3349,3347.4,3345.4,TRUE,1,0,-10,1160,11160,-0.000895255,1.116,1.116
12/7/18 09:10,3350,3349,3345.6,TRUE,1,0,10,1170,11170,0.000896057,1.117,1.117
12/7/18 09:11,3349,3349,3345.85,TRUE,1,0,-10,1160,11160,-0.000895255,1.116,1.116
12/7/18 09:12,3348,3349.2,3346,TRUE,1,0,-10,1150,11150,-0.000896057,1.115,1.115
12/7/18 09:13,3348,3348.8,3346.15,TRUE,1,0,0,1150,11150,0,1.115,1.115
12/7/18 09:14,3347,3348.4,3346.45,TRUE,1,0,-10,1140,11140,-0.000896861,1.114,1.114
12/7/18 09:15,3351,3348.6,3346.85,TRUE,1,0,40,1180,11180,0.003590664,1.118,1.118
12/7/18 09:16,3356,3350,3347.55,TRUE,1,0,50,1230,11230,0.004472272,1.123,1.123
12/7/18 09:17,3355,3351.4,3348.25,TRUE,1,0,-10,1220,11220,-0.000890472,1.122,1.122
12/7/18 09:18,3356,3353,3349,TRUE,1,0,10,1230,11230,0.000891266,1.123,1.123
12/7/18 09:19,3354,3354.4,3349.95,TRUE,1,0,-20,1210,11210,-0.001780944,1.121,1.121
12/7/18 09:20,3352,3354.6,3350.15,TRUE,1,0,-20,1190,11190,-0.001784121,1.119,1.119
12/7/18 09:21,3353,3354,3350.15,TRUE,1,0,10,1200,11200,0.000893655,1.12,1.12
12/7/18 09:22,3353,3353.6,3350.3,TRUE,1,0,0,1200,11200,0,1.12,1.12
12/7/18 09:23,3354,3353.2,3350.45,TRUE,1,0,10,1210,11210,0.000892857,1.121,1.121
12/7/18 09:24,3356,3353.6,3350.95,TRUE,1,0,20,1230,11230,0.001784121,1.123,1.123
12/7/18 09:25,3355,3354.2,3351.6,TRUE,1,0,-10,1220,11220,-0.000890472,1.122,1.122
12/7/18 09:26,3355,3354.6,3351.9,TRUE,1,0,0,1220,11220,0,1.122,1.122
12/7/18 09:27,3355,3355,3352.3,TRUE,1,0,0,1220,11220,0,1.122,1.122
12/7/18 09:28,3359,3356,3352.75,TRUE,1,0,40,1260,11260,0.003565062,1.126,1.126
12/7/18 09:29,3362,3357.2,3353.4,TRUE,1,0,30,1290,11290,0.002664298,1.129,1.129
12/7/18 09:30,3365,3359.2,3354.15,TRUE,1,0,30,1320,11320,0.002657219,1.132,1.132
12/7/18 09:31,3364,3361,3354.9,TRUE,1,0,-10,1310,11310,-0.000883392,1.131,1.131
12/7/18 09:32,3365,3363,3355.75,TRUE,1,0,10,1320,11320,0.000884173,1.132,1.132
12/7/18 09:33,3365,3364.2,3356.6,TRUE,1,0,0,1320,11320,0,1.132,1.132
12/7/18 09:34,3363,3364.4,3357.4,TRUE,1,0,-20,1300,11300,-0.001766784,1.13,1.13
12/7/18 09:35,3365,3364.4,3358.1,TRUE,1,0,20,1320,11320,0.001769912,1.132,1.132
12/7/18 09:36,3369,3365.4,3358.75,TRUE,1,0,40,1360,11360,0.003533569,1.136,1.136
12/7/18 09:37,3367,3365.8,3359.35,TRUE,1,0,-20,1340,11340,-0.001760563,1.134,1.134
12/7/18 09:38,3365,3365.8,3359.8,TRUE,1,0,-20,1320,11320,-0.001763668,1.132,1.132
12/7/18 09:39,3367,3366.6,3360.45,TRUE,1,0,20,1340,11340,0.001766784,1.134,1.134
12/7/18 09:40,3367,3367,3361.2,TRUE,1,0,0,1340,11340,0,1.134,1.134
12/7/18 09:41,3365,3366.2,3361.8,TRUE,1,0,-20,1320,11320,-0.001763668,1.132,1.132
12/7/18 09:42,3365,3365.8,3362.4,TRUE,1,0,0,1320,11320,0,1.132,1.132
12/7/18 09:43,3363,3365.4,3362.85,TRUE,1,0,-20,1300,11300,-0.001766784,1.13,1.13
12/7/18 09:44,3362,3364.4,3363.15,TRUE,1,0,-10,1290,11290,-0.000884956,1.129,1.129
12/7/18 09:45,3365,3364,3363.65,TRUE,1,0,30,1320,11320,0.002657219,1.132,1.132
12/7/18 09:46,3366,3364.2,3364.2,TRUE,1,0,10,1330,11330,0.000883392,1.133,1.133
12/7/18 09:47,3365,3364.2,3364.7,FALSE,-1,-20,10,1320,11320,-0.000882613,1.132,1.132
12/7/18 09:48,3359,3363.4,3364.7,FALSE,-1,0,60,1380,11380,0.005300353,1.138,1.138
12/7/18 09:49,3356,3362.2,3364.4,FALSE,-1,0,30,1410,11410,0.002636204,1.141,1.141
12/7/18 09:50,3350,3359.2,3363.65,FALSE,-1,0,60,1470,11470,0.005258545,1.147,1.147
12/7/18 09:51,3351,3356.2,3363,FALSE,-1,0,-10,1460,11460,-0.00087184,1.146,1.146
12/7/18 09:52,3350,3353.2,3362.25,FALSE,-1,0,10,1470,11470,0.0008726,1.147,1.147
12/7/18 09:53,3349,3351.2,3361.45,FALSE,-1,0,10,1480,11480,0.00087184,1.148,1.148
12/7/18 09:54,3350,3350,3360.8,FALSE,-1,0,-10,1470,11470,-0.00087108,1.147,1.147
12/7/18 09:55,3352,3350.4,3360.15,FALSE,-1,0,-20,1450,11450,-0.001743679,1.145,1.145
12/7/18 09:56,3353,3350.8,3359.35,FALSE,-1,0,-10,1440,11440,-0.000873362,1.144,1.144
12/7/18 09:57,3352,3351.2,3358.6,FALSE,-1,0,10,1450,11450,0.000874126,1.145,1.145
12/7/18 09:58,3353,3352,3358,FALSE,-1,0,-10,1440,11440,-0.000873362,1.144,1.144
12/7/18 09:59,3351,3352.2,3357.2,FALSE,-1,0,20,1460,11460,0.001748252,1.146,1.146
12/7/18 10:00,3355,3352.8,3356.6,FALSE,-1,0,-40,1420,11420,-0.003490401,1.142,1.142
12/7/18 10:01,3355,3353.2,3356.1,FALSE,-1,0,0,1420,11420,0,1.142,1.142
12/7/18 10:02,3355,3353.8,3355.6,FALSE,-1,0,0,1420,11420,0,1.142,1.142
12/7/18 10:03,3358,3354.8,3355.35,FALSE,-1,0,-30,1390,11390,-0.00262697,1.139,1.139
12/7/18 10:04,3361,3356.8,3355.3,TRUE,1,-60,30,1360,11360,-0.002633889,1.136,1.136
12/7/18 10:05,3358,3357.4,3354.95,TRUE,1,0,-30,1330,11330,-0.002640845,1.133,1.133
12/7/18 10:06,3357,3357.8,3354.5,TRUE,1,0,-10,1320,11320,-0.000882613,1.132,1.132
12/7/18 10:07,3353,3357.4,3353.9,TRUE,1,0,-40,1280,11280,-0.003533569,1.128,1.128
12/7/18 10:08,3354,3356.6,3353.65,TRUE,1,0,10,1290,11290,0.000886525,1.129,1.129
12/7/18 10:09,3349,3354.2,3353.3,TRUE,1,0,-50,1240,11240,-0.004428698,1.124,1.124
12/7/18 10:10,3349,3352.4,3353.25,FALSE,-1,0,0,1240,11240,0,1.124,1.124
12/7/18 10:11,3350,3351,3353.2,FALSE,-1,0,-10,1230,11230,-0.00088968,1.123,1.123
12/7/18 10:12,3352,3350.8,3353.3,FALSE,-1,0,-20,1210,11210,-0.001780944,1.121,1.121
12/7/18 10:13,3356,3351.2,3353.65,FALSE,-1,0,-40,1170,11170,-0.003568243,1.117,1.117
12/7/18 10:14,3356,3352.6,3353.95,FALSE,-1,0,0,1170,11170,0,1.117,1.117
12/7/18 10:30,3361,3355,3354.4,TRUE,1,-100,50,1120,11120,-0.004476276,1.112,1.112
12/7/18 10:31,3355,3356,3354.5,TRUE,1,0,-60,1060,11060,-0.005395683,1.106,1.106
12/7/18 10:32,3354,3356.4,3354.6,TRUE,1,0,-10,1050,11050,-0.000904159,1.105,1.105
12/7/18 10:33,3351,3355.4,3354.5,TRUE,1,0,-30,1020,11020,-0.002714932,1.102,1.102
12/7/18 10:34,3352,3354.6,3354.55,TRUE,1,0,10,1030,11030,0.000907441,1.103,1.103
12/7/18 10:35,3346,3351.6,3354.1,FALSE,-1,-120,60,970,10970,-0.00543971,1.097,1.097
12/7/18 10:36,3346,3349.8,3353.65,FALSE,-1,0,0,970,10970,0,1.097,1.097
12/7/18 10:37,3344,3347.8,3353.1,FALSE,-1,0,20,990,10990,0.001823154,1.099,1.099
12/7/18 10:38,3345,3346.6,3352.45,FALSE,-1,0,-10,980,10980,-0.000909918,1.098,1.098
12/7/18 10:39,3344,3345,3351.6,FALSE,-1,0,10,990,10990,0.000910747,1.099,1.099
12/7/18 10:40,3346,3345,3351,FALSE,-1,0,-20,970,10970,-0.001819836,1.097,1.097
12/7/18 10:41,3342,3344.2,3350.25,FALSE,-1,0,40,1010,11010,0.003646308,1.101,1.101
12/7/18 10:42,3347,3344.8,3349.95,FALSE,-1,0,-50,960,10960,-0.004541326,1.096,1.096
12/7/18 10:43,3345,3344.8,3349.5,FALSE,-1,0,20,980,10980,0.001824818,1.098,1.098
12/7/18 10:44,3343,3344.6,3349.2,FALSE,-1,0,20,1000,11000,0.001821494,1.1,1.1
12/7/18 10:45,3345,3344.4,3349,FALSE,-1,0,-20,980,10980,-0.001818182,1.098,1.098
12/7/18 10:46,3347,3345.4,3348.85,FALSE,-1,0,-20,960,10960,-0.001821494,1.096,1.096
12/7/18 10:47,3348,3345.6,3348.65,FALSE,-1,0,-10,950,10950,-0.000912409,1.095,1.095
12/7/18 10:48,3346,3345.8,3348.15,FALSE,-1,0,20,970,10970,0.001826484,1.097,1.097
12/7/18 10:49,3346,3346.4,3347.65,FALSE,-1,0,0,970,10970,0,1.097,1.097
12/7/18 10:50,3348,3347,3347,TRUE,1,-40,20,950,10950,-0.001823154,1.095,1.095
12/7/18 10:51,3345,3346.6,3346.5,TRUE,1,0,-30,920,10920,-0.002739726,1.092,1.092
12/7/18 10:52,3346,3346.2,3346.1,TRUE,1,0,10,930,10930,0.000915751,1.093,1.093
12/7/18 10:53,3347,3346.4,3345.9,TRUE,1,0,10,940,10940,0.000914913,1.094,1.094
12/7/18 10:54,3348,3346.8,3345.7,TRUE,1,0,10,950,10950,0.000914077,1.095,1.095
12/7/18 10:55,3350,3347.2,3345.9,TRUE,1,0,20,970,10970,0.001826484,1.097,1.097
12/7/18 10:56,3347,3347.6,3345.95,TRUE,1,0,-30,940,10940,-0.002734731,1.094,1.094
12/7/18 10:57,3343,3347,3345.9,TRUE,1,0,-40,900,10900,-0.003656307,1.09,1.09
12/7/18 10:58,3345,3346.6,3345.9,TRUE,1,0,20,920,10920,0.001834862,1.092,1.092
12/7/18 10:59,3346,3346.2,3346,TRUE,1,0,10,930,10930,0.000915751,1.093,1.093
12/7/18 11:00,3349,3346,3346.15,FALSE,-1,60,-30,960,10960,0.002744739,1.096,1.096
12/7/18 11:01,3347,3346,3346.4,FALSE,-1,0,20,980,10980,0.001824818,1.098,1.098
12/7/18 11:02,3346,3346.6,3346.35,TRUE,1,20,-10,990,10990,0.000910747,1.099,1.099
12/7/18 11:03,3347,3347,3346.45,TRUE,1,0,10,1000,11000,0.000909918,1.1,1.1
12/7/18 11:04,3350,3347.8,3346.8,TRUE,1,0,30,1030,11030,0.002727273,1.103,1.103
12/7/18 11:05,3348,3347.6,3346.95,TRUE,1,0,-20,1010,11010,-0.001813237,1.101,1.101
12/7/18 11:06,3349,3348,3347.05,TRUE,1,0,10,1020,11020,0.000908265,1.102,1.102
12/7/18 11:07,3346,3348,3346.95,TRUE,1,0,-30,990,10990,-0.002722323,1.099,1.099
12/7/18 11:08,3345,3347.6,3346.9,TRUE,1,0,-10,980,10980,-0.000909918,1.098,1.098
12/7/18 11:09,3355,3348.6,3347.35,TRUE,1,0,100,1080,11080,0.009107468,1.108,1.108
12/7/18 11:10,3352,3349.4,3347.55,TRUE,1,0,-30,1050,11050,-0.002707581,1.105,1.105
12/7/18 11:11,3348,3349.2,3347.7,TRUE,1,0,-40,1010,11010,-0.00361991,1.101,1.101
12/7/18 11:12,3344,3348.8,3347.6,TRUE,1,0,-40,970,10970,-0.003633061,1.097,1.097
12/7/18 11:13,3341,3348,3347.3,TRUE,1,0,-30,940,10940,-0.002734731,1.094,1.094
12/7/18 11:14,3342,3345.4,3347,FALSE,-1,20,-10,950,10950,0.000914077,1.095,1.095
12/7/18 11:15,3344,3343.8,3346.7,FALSE,-1,0,-20,930,10930,-0.001826484,1.093,1.093
12/7/18 11:16,3339,3342,3346.3,FALSE,-1,0,50,980,10980,0.004574565,1.098,1.098
12/7/18 11:17,3340,3341.2,3346.15,FALSE,-1,0,-10,970,10970,-0.000910747,1.097,1.097
12/7/18 11:18,3344,3341.8,3346.1,FALSE,-1,0,-40,930,10930,-0.003646308,1.093,1.093
12/7/18 11:19,3346,3342.6,3346.1,FALSE,-1,0,-20,910,10910,-0.001829826,1.091,1.091
12/7/18 11:20,3348,3343.4,3346.05,FALSE,-1,0,-20,890,10890,-0.001833181,1.089,1.089
12/7/18 11:21,3348,3345.2,3346.1,FALSE,-1,0,0,890,10890,0,1.089,1.089
12/7/18 11:22,3350,3347.2,3346.3,TRUE,1,-40,20,870,10870,-0.001836547,1.087,1.087
12/7/18 11:23,3349,3348.2,3346.4,TRUE,1,0,-10,860,10860,-0.000919963,1.086,1.086
12/7/18 11:24,3348,3348.6,3346.3,TRUE,1,0,-10,850,10850,-0.00092081,1.085,1.085
12/7/18 11:25,3352,3349.4,3346.5,TRUE,1,0,40,890,10890,0.003686636,1.089,1.089
12/7/18 11:26,3347,3349.2,3346.4,TRUE,1,0,-50,840,10840,-0.004591368,1.084,1.084
12/7/18 11:27,3347,3348.6,3346.45,TRUE,1,0,0,840,10840,0,1.084,1.084
12/7/18 11:28,3351,3349,3346.75,TRUE,1,0,40,880,10880,0.003690037,1.088,1.088
12/7/18 11:29,3352,3349.8,3346.6,TRUE,1,0,10,890,10890,0.000919118,1.089,1.089
12/7/18 13:30,3361,3351.6,3347.05,TRUE,1,0,90,980,10980,0.008264463,1.098,1.098
12/7/18 13:31,3368,3355.8,3348.05,TRUE,1,0,70,1050,11050,0.006375228,1.105,1.105
12/7/18 13:32,3381,3362.6,3349.9,TRUE,1,0,130,1180,11180,0.011764706,1.118,1.118
12/7/18 13:33,3376,3367.6,3351.65,TRUE,1,0,-50,1130,11130,-0.004472272,1.113,1.113
12/7/18 13:34,3381,3373.4,3353.6,TRUE,1,0,50,1180,11180,0.004492363,1.118,1.118
12/7/18 13:35,3377,3376.6,3355.25,TRUE,1,0,-40,1140,11140,-0.003577818,1.114,1.114
12/7/18 13:36,3380,3379,3357.3,TRUE,1,0,30,1170,11170,0.002692998,1.117,1.117
12/7/18 13:37,3380,3378.8,3359.3,TRUE,1,0,0,1170,11170,0,1.117,1.117
12/7/18 13:38,3382,3380,3361.2,TRUE,1,0,20,1190,11190,0.00179051,1.119,1.119
12/7/18 13:39,3377,3379.2,3362.75,TRUE,1,0,-50,1140,11140,-0.004468275,1.114,1.114
12/7/18 13:40,3378,3379.4,3364.25,TRUE,1,0,10,1150,11150,0.000897666,1.115,1.115
12/7/18 13:41,3379,3379.2,3365.8,TRUE,1,0,10,1160,11160,0.000896861,1.116,1.116
12/7/18 13:42,3377,3378.6,3367.15,TRUE,1,0,-20,1140,11140,-0.001792115,1.114,1.114
12/7/18 13:43,3376,3377.4,3368.5,TRUE,1,0,-10,1130,11130,-0.000897666,1.113,1.113
12/7/18 13:44,3377,3377.4,3369.95,TRUE,1,0,10,1140,11140,0.000898473,1.114,1.114
12/7/18 13:45,3376,3377,3371.15,TRUE,1,0,-10,1130,11130,-0.000897666,1.113,1.113
12/7/18 13:46,3380,3377.2,3372.8,TRUE,1,0,40,1170,11170,0.00359389,1.117,1.117
12/7/18 13:47,3383,3378.4,3374.6,TRUE,1,0,30,1200,11200,0.002685765,1.12,1.12
12/7/18 13:48,3382,3379.6,3376.15,TRUE,1,0,-10,1190,11190,-0.000892857,1.119,1.119
12/7/18 13:49,3384,3381,3377.75,TRUE,1,0,20,1210,11210,0.00178731,1.121,1.121
12/7/18 13:50,3383,3382.4,3378.85,TRUE,1,0,-10,1200,11200,-0.000892061,1.12,1.12
12/7/18 13:51,3389,3384.2,3379.9,TRUE,1,0,60,1260,11260,0.005357143,1.126,1.126
12/7/18 13:52,3396,3386.8,3380.65,TRUE,1,0,70,1330,11330,0.006216696,1.133,1.133
12/7/18 13:53,3402,3390.8,3381.95,TRUE,1,0,60,1390,11390,0.005295675,1.139,1.139
12/7/18 13:54,3401,3394.2,3382.95,TRUE,1,0,-10,1380,11380,-0.000877963,1.138,1.138
12/7/18 13:55,3406,3398.8,3384.4,TRUE,1,0,50,1430,11430,0.004393673,1.143,1.143
12/7/18 13:56,3405,3402,3385.65,TRUE,1,0,-10,1420,11420,-0.000874891,1.142,1.142
12/7/18 13:57,3409,3404.6,3387.1,TRUE,1,0,40,1460,11460,0.003502627,1.146,1.146
12/7/18 13:58,3404,3405,3388.2,TRUE,1,0,-50,1410,11410,-0.004363002,1.141,1.141
12/7/18 13:59,3407,3406.2,3389.7,TRUE,1,0,30,1440,11440,0.002629273,1.144,1.144
12/7/18 14:00,3399,3404.8,3390.75,TRUE,1,0,-80,1360,11360,-0.006993007,1.136,1.136
12/7/18 14:01,3397,3403.2,3391.65,TRUE,1,0,-20,1340,11340,-0.001760563,1.134,1.134
12/7/18 14:02,3397,3400.8,3392.65,TRUE,1,0,0,1340,11340,0,1.134,1.134
12/7/18 14:03,3399,3399.8,3393.8,TRUE,1,0,20,1360,11360,0.001763668,1.136,1.136
12/7/18 14:04,3403,3399,3395.1,TRUE,1,0,40,1400,11400,0.003521127,1.14,1.14
12/7/18 14:05,3406,3400.4,3396.6,TRUE,1,0,30,1430,11430,0.002631579,1.143,1.143
12/7/18 14:06,3416,3404.2,3398.4,TRUE,1,0,100,1530,11530,0.008748906,1.153,1.153
12/7/18 14:07,3416,3408,3400.05,TRUE,1,0,0,1530,11530,0,1.153,1.153
12/7/18 14:08,3415,3411.2,3401.7,TRUE,1,0,-10,1520,11520,-0.000867303,1.152,1.152
12/7/18 14:09,3409,3412.4,3402.95,TRUE,1,0,-60,1460,11460,-0.005208333,1.146,1.146
12/7/18 14:10,3411,3413.4,3404.35,TRUE,1,0,20,1480,11480,0.001745201,1.148,1.148
12/7/18 14:11,3409,3412,3405.35,TRUE,1,0,-20,1460,11460,-0.00174216,1.146,1.146
12/7/18 14:12,3411,3411,3406.1,TRUE,1,0,20,1480,11480,0.001745201,1.148,1.148
12/7/18 14:13,3414,3410.8,3406.7,TRUE,1,0,30,1510,11510,0.00261324,1.151,1.151
12/7/18 14:14,3418,3412.6,3407.55,TRUE,1,0,40,1550,11550,0.003475239,1.155,1.155
12/7/18 14:15,3419,3414.2,3408.2,TRUE,1,0,10,1560,11560,0.000865801,1.156,1.156
12/7/18 14:16,3422,3416.8,3409.05,TRUE,1,0,30,1590,11590,0.002595156,1.159,1.159
12/7/18 14:17,3422,3419,3409.7,TRUE,1,0,0,1590,11590,0,1.159,1.159
12/7/18 14:18,3419,3420,3410.45,TRUE,1,0,-30,1560,11560,-0.002588438,1.156,1.156
12/7/18 14:19,3416,3419.6,3410.9,TRUE,1,0,-30,1530,11530,-0.002595156,1.153,1.153
12/7/18 14:20,3412,3418.2,3411.55,TRUE,1,0,-40,1490,11490,-0.003469211,1.149,1.149
12/7/18 14:21,3416,3417,3412.5,TRUE,1,0,40,1530,11530,0.003481288,1.153,1.153
12/7/18 14:22,3414,3415.4,3413.35,TRUE,1,0,-20,1510,11510,-0.001734605,1.151,1.151
12/7/18 14:23,3415,3414.6,3414.15,TRUE,1,0,10,1520,11520,0.00086881,1.152,1.152
12/7/18 14:24,3415,3414.4,3414.75,FALSE,-1,0,0,1520,11520,0,1.152,1.152
12/7/18 14:25,3415,3415,3415.2,FALSE,-1,0,0,1520,11520,0,1.152,1.152
12/7/18 14:26,3412,3414.2,3415,FALSE,-1,0,30,1550,11550,0.002604167,1.155,1.155
12/7/18 14:27,3416,3414.6,3415,FALSE,-1,0,-40,1510,11510,-0.003463203,1.151,1.151
12/7/18 14:28,3419,3415.4,3415.2,TRUE,1,-60,30,1480,11480,-0.002606429,1.148,1.148
12/7/18 14:29,3417,3415.8,3415.6,TRUE,1,0,-20,1460,11460,-0.00174216,1.146,1.146
12/7/18 14:30,3420,3416.8,3416.05,TRUE,1,0,30,1490,11490,0.002617801,1.149,1.149
12/7/18 14:31,3419,3418.2,3416.55,TRUE,1,0,-10,1480,11480,-0.000870322,1.148,1.148
12/7/18 14:32,3414,3417.8,3416.7,TRUE,1,0,-50,1430,11430,-0.004355401,1.143,1.143
12/7/18 14:33,3416,3417.2,3416.8,TRUE,1,0,20,1450,11450,0.001749781,1.145,1.145
12/7/18 14:34,3416,3417,3416.7,TRUE,1,0,0,1450,11450,0,1.145,1.145
12/7/18 14:35,3415,3416,3416.5,FALSE,-1,-20,10,1440,11440,-0.000873362,1.144,1.144
12/7/18 14:36,3413,3414.8,3416.05,FALSE,-1,0,20,1460,11460,0.001748252,1.146,1.146
12/7/18 14:37,3411,3414.2,3415.5,FALSE,-1,0,20,1480,11480,0.001745201,1.148,1.148
12/7/18 14:38,3409,3412.8,3415,FALSE,-1,0,20,1500,11500,0.00174216,1.15,1.15
12/7/18 14:39,3407,3411,3414.55,FALSE,-1,0,20,1520,11520,0.00173913,1.152,1.152
12/7/18 14:40,3402,3408.4,3414.05,FALSE,-1,0,50,1570,11570,0.004340278,1.157,1.157
12/7/18 14:41,3406,3407,3413.55,FALSE,-1,0,-40,1530,11530,-0.003457217,1.153,1.153
12/7/18 14:42,3409,3406.6,3413.3,FALSE,-1,0,-30,1500,11500,-0.002601908,1.15,1.15
12/7/18 14:43,3409,3406.6,3413,FALSE,-1,0,0,1500,11500,0,1.15,1.15
12/7/18 14:44,3407,3406.6,3412.6,FALSE,-1,0,20,1520,11520,0.00173913,1.152,1.152
12/7/18 14:45,3412,3408.6,3412.45,FALSE,-1,0,-50,1470,11470,-0.004340278,1.147,1.147
12/7/18 14:46,3412,3409.8,3412.45,FALSE,-1,0,0,1470,11470,0,1.147,1.147
12/7/18 14:47,3411,3410.2,3412.2,FALSE,-1,0,10,1480,11480,0.00087184,1.148,1.148
12/7/18 14:48,3412,3410.8,3411.85,FALSE,-1,0,-10,1470,11470,-0.00087108,1.147,1.147
12/7/18 14:49,3411,3411.6,3411.55,TRUE,1,20,-10,1480,11480,0.00087184,1.148,1.148
12/7/18 14:50,3406,3410.4,3410.85,FALSE,-1,-100,50,1430,11430,-0.004355401,1.143,1.143
12/7/18 14:51,3406,3409.2,3410.2,FALSE,-1,0,0,1430,11430,0,1.143,1.143
12/7/18 14:52,3406,3408.2,3409.8,FALSE,-1,0,0,1430,11430,0,1.143,1.143
12/7/18 14:53,3404,3406.6,3409.2,FALSE,-1,0,20,1450,11450,0.001749781,1.145,1.145
12/7/18 14:54,3403,3405,3408.55,FALSE,-1,0,10,1460,11460,0.000873362,1.146,1.146
12/7/18 14:55,3408,3405.4,3408.2,FALSE,-1,0,-50,1410,11410,-0.004363002,1.141,1.141
12/7/18 14:56,3409,3406,3408,FALSE,-1,0,-10,1400,11400,-0.000876424,1.14,1.14
12/7/18 14:57,3411,3407,3408,FALSE,-1,0,-20,1380,11380,-0.001754386,1.138,1.138
12/7/18 14:58,3406,3407.4,3407.85,FALSE,-1,0,50,1430,11430,0.004393673,1.143,1.143
12/7/18 14:59,3396,3406,3407.3,FALSE,-1,0,100,1530,11530,0.008748906,1.153,1.153